year,month,day,solar_irradiance,rainfall,humidity,temperature,peak_demand_kw,consumption_kwh
2015,1,1,1.5552,18.81,90.22,22.07,1346.55,33431.57
2015,1,2,2.9033,6.33,87.35,21.59,1355.07,33643.05
2015,1,3,3.4356,0.82,86.66,22.11,1373.63,34104.03
2015,1,4,4.1462,1.05,88.43,23.21,1407.41,34942.69
2015,1,5,3.275,1.7,90.18,23.75,1406.66,34923.94
2015,1,6,4.159,0.56,87.16,23.44,1412.59,35071.1
2015,1,7,3.2798,0.85,86.94,22.98,1390.17,34514.54
2015,1,8,4.1093,4.09,86.83,22.37,1388.67,34477.43
2015,1,9,3.2882,6.57,87.56,21.99,1369.0,33988.89
2015,1,10,4.4136,1.84,85.82,21.37,1371.19,34043.23
2015,1,11,3.9206,1.79,86.36,21.87,1375.21,34143.1
2015,1,12,3.9182,2.89,87.09,22.33,1385.13,34389.46
2015,1,13,3.2976,0.87,86.59,22.75,1385.47,34397.98
2015,1,14,3.2748,0.18,85.61,23.45,1400.2,34763.71
2015,1,15,3.5333,0.35,85.95,23.55,1406.04,34908.68
2015,1,16,4.0102,0.7,84.81,23.04,1401.8,34803.32
2015,1,17,2.5337,1.45,82.29,21.76,1353.58,33606.12
2015,1,18,0.6838,47.39,90.0,21.27,1317.65,32714.02
2015,1,19,5.2406,0.86,81.93,23.97,1439.62,35742.25
2015,1,20,4.2074,0.0,81.68,24.73,1441.28,35783.44
2015,1,21,5.0539,0.05,79.85,25.58,1472.18,36550.77
2015,1,22,3.6242,3.68,85.93,24.19,1421.15,35283.77
2015,1,23,2.0102,4.95,86.68,22.03,1352.05,33568.03
2015,1,24,2.5618,1.01,81.29,21.6,1350.55,33531.0
2015,1,25,4.103,0.2,83.05,22.19,1384.68,34378.33
2015,1,26,3.875,0.17,84.73,22.81,1394.91,34632.26
2015,1,27,3.7795,0.01,84.28,22.95,1396.59,34673.93
2015,1,28,3.8688,0.74,86.96,24.11,1422.95,35328.31
2015,1,29,2.9978,0.86,86.17,24.04,1408.91,34979.81
2015,1,30,3.541,0.47,85.12,23.41,1403.14,34836.46
2015,1,31,5.1946,0.24,79.83,22.44,1405.42,34893.08
2015,2,1,3.509,0.77,79.67,22.17,1384.16,34365.32
2015,2,2,5.2363,0.06,76.46,21.7,1398.06,34710.44
2015,2,3,5.2985,0.02,78.78,21.79,1400.91,34781.31
2015,2,4,5.1086,0.34,80.49,21.81,1398.7,34726.4
2015,2,5,5.3491,0.51,81.54,22.3,1412.89,35078.54
2015,2,6,5.1209,0.74,82.67,22.58,1415.84,35151.97
2015,2,7,5.0479,0.87,83.03,23.26,1429.79,35498.12
2015,2,8,5.9112,0.0,73.26,24.75,1475.22,36626.1
2015,2,9,5.237,2.09,80.58,23.16,1430.28,35510.44
2015,2,10,4.6721,5.55,84.37,22.7,1412.13,35059.76
2015,2,11,3.6125,1.21,84.39,23.18,1407.54,34945.71
2015,2,12,4.9994,2.58,81.68,24.18,1449.34,35983.67
2015,2,13,3.0065,8.7,86.06,23.73,1410.75,35025.53
2015,2,14,2.849,16.83,89.17,23.56,1404.82,34878.34
2015,2,15,3.5974,9.26,90.3,23.8,1420.78,35274.43
2015,2,16,4.0488,0.16,83.1,23.75,1426.19,35408.86
2015,2,17,5.887,0.04,81.49,23.66,1450.66,36016.37
2015,2,18,4.7342,0.52,80.79,23.56,1431.89,35550.32
2015,2,19,4.0478,5.36,84.14,23.21,1414.4,35116.21
2015,2,20,2.5164,3.58,83.3,22.71,1381.8,34306.82
2015,2,21,3.8758,0.06,79.61,22.94,1406.07,34909.34
2015,2,22,6.0701,0.0,78.76,22.72,1432.38,35562.55
2015,2,23,6.3533,0.0,80.42,22.94,1441.3,35784.05
2015,2,24,4.8514,0.47,82.13,23.8,1438.85,35723.06
2015,2,25,4.979,0.85,83.22,24.47,1455.43,36134.78
2015,2,26,6.0634,0.46,81.36,24.95,1481.89,36791.8
2015,2,27,5.8867,0.0,79.72,24.82,1476.41,36655.8
2015,2,28,5.5829,0.0,79.5,24.55,1465.99,36397.01
2015,3,1,6.5203,0.0,77.17,23.98,1741.22,43230.39
2015,3,2,6.4562,0.05,77.77,23.6,1730.05,42953.01
2015,3,3,6.5436,0.01,75.32,23.75,1735.52,43088.81
2015,3,4,6.4507,0.0,75.95,24.5,1753.81,43542.95
2015,3,5,4.5559,2.84,79.53,24.72,1726.78,42871.77
2015,3,6,5.6952,0.46,78.47,25.03,1754.7,43564.87
2015,3,7,5.6851,0.79,79.0,25.07,1755.57,43586.63
2015,3,8,6.6708,0.07,75.11,23.92,1742.21,43254.9
2015,3,9,6.895,0.0,73.4,24.04,1749.25,43429.6
2015,3,10,6.3466,0.13,74.2,23.5,1725.53,42840.87
2015,3,11,2.8423,11.03,84.56,23.96,1677.63,41651.49
2015,3,12,5.3378,1.03,79.4,24.23,1727.5,42889.56
2015,3,13,4.5094,0.35,77.26,24.7,1725.45,42838.84
2015,3,14,5.4053,0.28,77.39,24.89,1745.97,43348.27
2015,3,15,6.0485,0.41,76.87,24.9,1757.42,43632.51
2015,3,16,5.1734,0.38,76.05,24.11,1721.52,42741.31
2015,3,17,7.0351,0.0,71.06,23.52,1737.79,43145.14
2015,3,18,6.8153,0.0,70.41,24.57,1761.98,43745.67
2015,3,19,6.7562,0.0,70.82,25.26,1779.3,44175.72
2015,3,20,6.0221,1.95,71.94,26.45,1797.87,44636.83
2015,3,21,3.4253,8.47,81.88,26.67,1757.31,43629.89
2015,3,22,3.1942,7.11,84.06,25.45,1721.89,42750.36
2015,3,23,3.8294,6.89,82.23,25.22,1727.09,42879.46
2015,3,24,4.615,4.45,79.97,25.4,1745.5,43336.62
2015,3,25,4.411,3.41,79.94,25.29,1739.07,43176.94
2015,3,26,5.1787,6.02,80.51,25.09,1747.27,43380.4
2015,3,27,5.9798,1.22,77.28,25.34,1767.83,43891.06
2015,3,28,6.4531,0.58,76.3,25.51,1780.63,44208.66
2015,3,29,6.7843,0.12,75.97,25.45,1784.84,44313.36
2015,3,30,6.7392,0.39,75.91,25.44,1783.79,44287.13
2015,3,31,5.531,0.05,77.36,26.1,1779.94,44191.59
2015,4,1,5.5056,1.29,78.38,26.82,1809.0,44912.99
2015,4,2,6.805,0.3,74.2,26.52,1824.36,45294.38
2015,4,3,7.4266,0.01,73.36,26.06,1823.11,45263.51
2015,4,4,5.5092,0.4,71.35,27.39,1824.12,45288.42
2015,4,5,2.1614,1.67,78.89,26.07,1729.65,42943.09
2015,4,6,6.5419,0.21,74.55,27.05,1833.79,45528.47
2015,4,7,6.6262,0.04,73.15,26.46,1819.55,45175.04
2015,4,8,6.6418,0.05,71.97,26.13,1811.01,44963.12
2015,4,9,5.3844,0.9,73.32,26.06,1786.76,44361.03
2015,4,10,5.6417,1.11,74.67,26.01,1790.02,44441.9
2015,4,11,6.6742,0.67,74.35,26.08,1810.26,44944.28
2015,4,12,6.7961,0.26,71.11,26.94,1835.43,45569.39
2015,4,13,6.9458,0.41,67.08,27.97,1865.73,46321.55
2015,4,14,5.856,1.1,71.68,27.16,1824.31,45293.32
2015,4,15,3.8916,2.96,75.53,26.64,1775.27,44075.6
2015,4,16,5.5834,2.64,74.45,28.13,1845.02,45807.51
2015,4,17,6.4531,0.87,72.93,28.02,1858.05,46130.77
2015,4,18,5.9251,2.6,75.46,27.77,1841.74,45726.06
2015,4,19,5.9129,2.0,75.01,28.46,1859.82,46174.86
2015,4,20,6.7687,0.98,68.33,29.55,1904.75,47290.25
2015,4,21,5.3686,5.26,81.04,27.24,1817.61,45126.83
2015,4,22,6.5316,2.21,78.32,27.02,1832.8,45503.98
2015,4,23,6.6646,1.68,73.95,26.79,1829.05,45411.02
2015,4,24,5.513,3.59,77.91,26.35,1796.71,44608.06
2015,4,25,6.876,0.29,73.84,26.85,1834.46,45545.33
2015,4,26,6.3154,0.21,72.07,27.39,1838.75,45651.68
2015,4,27,6.4906,0.55,72.94,27.52,1845.4,45816.72
2015,4,28,7.1635,0.03,65.72,28.82,1892.54,46987.08
2015,4,29,6.8585,0.01,63.77,29.36,1901.34,47205.7
2015,4,30,6.9338,0.0,62.54,29.47,1905.69,47313.76
2015,5,1,7.2936,0.22,63.95,29.24,1861.56,46218.02
2015,5,2,6.1334,0.61,68.81,29.03,1834.99,45558.49
2015,5,3,4.4794,4.76,75.47,28.28,1785.84,44337.98
2015,5,4,5.713,2.3,73.86,28.49,1813.41,45022.57
2015,5,5,7.1246,1.36,71.11,28.81,1847.21,45861.84
2015,5,6,6.8124,0.18,70.06,28.18,1825.1,45312.93
2015,5,7,6.6178,1.24,66.13,29.64,1859.69,46171.68
2015,5,8,6.8842,0.92,66.86,29.02,1848.36,45890.22
2015,5,9,5.903,1.33,68.16,29.19,1834.96,45557.57
2015,5,10,4.0646,2.26,73.39,28.83,1792.37,44500.29
2015,5,11,6.3838,0.12,64.18,30.52,1878.31,46633.86
2015,5,12,6.439,0.58,68.4,29.45,1851.47,45967.63
2015,5,13,7.2854,0.67,70.25,28.54,1843.03,45758.08
2015,5,14,6.5304,0.28,70.31,28.4,1825.78,45329.75
2015,5,15,6.1145,1.16,71.2,28.39,1818.04,45137.62
2015,5,16,7.2408,0.1,66.97,28.84,1850.1,45933.57
2015,5,17,7.1609,0.01,65.49,28.6,1842.36,45741.44
2015,5,18,6.7075,0.0,60.3,29.22,1850.37,45940.24
2015,5,19,6.9228,0.0,59.59,30.09,1877.05,46602.52
2015,5,20,6.7894,0.41,59.72,30.48,1884.78,46794.48
2015,5,21,6.2318,1.93,63.46,30.54,1876.01,46576.84
2015,5,22,5.7283,1.08,69.36,29.53,1840.57,45696.92
2015,5,23,5.7859,0.7,72.04,29.27,1834.9,45556.08
2015,5,24,5.7602,0.19,61.77,29.85,1849.43,45916.85
2015,5,25,5.7492,1.38,69.46,29.05,1828.54,45398.25
2015,5,26,5.8978,0.96,67.75,29.49,1842.63,45748.1
2015,5,27,5.957,1.6,65.42,29.81,1852.0,45980.8
2015,5,28,6.2431,0.72,64.67,30.11,1865.05,46304.64
2015,5,29,6.1858,3.63,72.4,28.95,1833.87,45530.51
2015,5,30,6.2374,6.81,71.03,29.14,1839.74,45676.3
2015,5,31,6.4606,0.93,69.53,29.34,1849.0,45906.3
2015,6,1,6.7783,2.47,72.38,28.9,1728.64,42917.97
2015,6,2,6.6569,2.3,74.29,28.52,1717.28,42635.95
2015,6,3,6.4997,2.44,66.44,29.96,1749.8,43443.41
2015,6,4,6.9499,1.21,70.32,29.23,1739.65,43191.38
2015,6,5,5.4768,7.17,71.96,29.1,1711.37,42489.24
2015,6,6,6.0804,13.33,78.87,28.23,1700.49,42218.99
2015,6,7,4.4234,9.69,84.45,27.2,1647.96,40914.96
2015,6,8,5.9515,5.7,77.18,28.4,1702.45,42267.7
2015,6,9,5.8296,4.36,78.24,28.24,1696.51,42120.26
2015,6,10,5.8315,4.27,75.03,28.78,1709.65,42446.42
2015,6,11,6.1003,2.31,74.31,29.13,1722.72,42771.03
2015,6,12,6.3398,1.13,76.3,28.77,1718.02,42654.34
2015,6,13,5.6232,1.22,76.5,27.97,1686.5,41871.69
2015,6,14,6.1654,2.17,76.24,28.29,1703.38,42290.76
2015,6,15,6.4546,5.84,75.4,28.56,1714.84,42575.35
2015,6,16,5.2178,5.72,80.91,27.72,1673.67,41553.28
2015,6,17,5.395,6.04,79.73,27.92,1681.47,41746.74
2015,6,18,4.5878,15.08,77.01,28.25,1675.86,41607.47
2015,6,19,5.593,5.89,75.54,28.69,1703.42,42291.92
2015,6,20,4.2924,11.7,83.2,27.3,1648.18,40920.38
2015,6,21,4.5427,5.49,83.71,26.83,1641.08,40743.96
2015,6,22,5.6508,3.35,82.86,26.96,1662.49,41275.71
2015,6,23,5.8858,3.72,82.14,27.13,1670.5,41474.57
2015,6,24,6.2986,2.02,79.74,27.54,1687.33,41892.45
2015,6,25,6.4217,1.21,76.51,28.23,1706.23,42361.54
2015,6,26,5.6016,2.53,77.05,28.3,1694.13,42061.09
2015,6,27,6.4258,0.35,71.23,29.26,1731.44,42987.52
2015,6,28,6.217,1.88,69.2,29.41,1731.53,42989.75
2015,6,29,6.3199,6.11,74.26,28.84,1719.39,42688.35
2015,6,30,6.3569,5.64,76.66,28.56,1713.19,42534.35
2015,7,1,6.0972,3.42,80.5,27.95,1704.06,42307.69
2015,7,2,6.0132,1.28,78.5,28.27,1710.47,42466.85
2015,7,3,5.1859,2.3,81.26,27.66,1681.66,41751.67
2015,7,4,2.9388,16.36,89.94,26.32,1612.17,40026.3
2015,7,5,2.2073,23.05,89.86,25.88,1589.77,39470.24
2015,7,6,2.9532,22.88,86.21,26.05,1606.0,39873.21
2015,7,7,5.1389,12.2,85.05,26.94,1663.42,41298.67
2015,7,8,2.5289,39.3,92.0,26.79,1616.52,40134.33
2015,7,9,2.0515,23.92,94.82,26.34,1598.03,39675.34
2015,7,10,2.7341,9.52,91.31,25.84,1597.44,39660.64
2015,7,11,3.6372,5.17,85.62,26.29,1622.95,40293.94
2015,7,12,4.423,4.55,86.76,26.43,1639.25,40698.62
2015,7,13,5.0839,2.03,88.53,26.28,1646.51,40878.91
2015,7,14,3.8299,0.41,84.16,26.92,1641.2,40746.94
2015,7,15,5.2159,0.83,86.43,26.54,1654.99,41089.46
2015,7,16,3.5266,4.22,89.3,26.09,1616.36,40130.31
2015,7,17,3.1819,7.78,90.43,26.02,1609.04,39948.6
2015,7,18,4.0699,3.24,87.67,26.11,1625.75,40363.51
2015,7,19,5.9314,0.1,82.61,26.91,1675.85,41607.31
2015,7,20,6.8441,0.58,73.2,28.32,1725.77,42846.78
2015,7,21,5.9623,0.46,78.94,26.65,1670.01,41462.25
2015,7,22,4.836,20.43,82.42,25.55,1624.79,40339.55
2015,7,23,5.6338,5.42,80.91,26.49,1660.68,41230.55
2015,7,24,5.6018,6.82,86.75,26.0,1648.21,40921.12
2015,7,25,5.7578,6.28,84.07,26.39,1660.28,41220.79
2015,7,26,5.9407,7.06,74.78,27.55,1691.65,41999.48
2015,7,27,3.8878,14.95,78.13,26.91,1641.92,40764.87
2015,7,28,5.7667,3.76,81.52,26.07,1652.62,41030.59
2015,7,29,5.9258,2.83,78.95,26.8,1673.07,41538.26
2015,7,30,5.4718,2.18,83.62,26.6,1660.68,41230.62
2015,7,31,6.9281,2.1,81.13,26.91,1692.4,42018.18
2015,8,1,5.2183,4.8,81.51,27.0,1676.07,41612.83
2015,8,2,4.8233,6.97,89.95,26.3,1652.45,41026.28
2015,8,3,6.0869,1.26,79.46,27.73,1708.57,42419.71
2015,8,4,6.4186,5.46,76.96,28.48,1732.7,43018.86
2015,8,5,6.4087,12.48,87.7,26.72,1689.07,41935.41
2015,8,6,5.5589,8.55,89.19,26.32,1665.11,41340.76
2015,8,7,5.7972,0.7,86.15,26.84,1681.83,41755.68
2015,8,8,3.5136,2.91,88.21,26.35,1631.97,40517.79
2015,8,9,3.1838,9.16,85.46,26.6,1632.48,40530.57
2015,8,10,4.4093,2.38,90.33,26.27,1644.87,40838.09
2015,8,11,5.5786,4.93,80.11,27.39,1691.65,41999.63
2015,8,12,4.3925,11.83,80.92,27.66,1678.24,41666.61
2015,8,13,6.1274,8.13,80.46,27.84,1711.97,42503.97
2015,8,14,6.0905,7.51,81.29,27.98,1714.79,42574.04
2015,8,15,6.1805,1.12,79.37,28.48,1728.64,42917.86
2015,8,16,6.5018,4.66,80.27,28.34,1730.66,42968.22
2015,8,17,6.4594,2.13,78.35,28.66,1737.85,43146.6
2015,8,18,6.4846,7.79,79.54,28.81,1741.99,43249.36
2015,8,19,6.3775,3.29,87.88,26.78,1690.03,41959.29
2015,8,20,3.5357,6.47,88.13,26.26,1630.17,40473.25
2015,8,21,2.2584,34.43,89.15,25.89,1600.28,39731.01
2015,8,22,2.2279,30.89,92.68,26.15,1605.93,39871.41
2015,8,23,2.3722,8.29,90.02,26.51,1616.85,40142.55
2015,8,24,3.2002,10.94,94.15,26.05,1619.6,40210.75
2015,8,25,4.8199,1.47,90.51,25.9,1642.67,40783.44
2015,8,26,5.9093,0.15,85.73,26.21,1668.21,41417.69
2015,8,27,5.8627,5.8,81.29,27.12,1689.8,41953.58
2015,8,28,4.8826,15.08,82.9,26.48,1657.81,41159.37
2015,8,29,4.0073,4.4,80.51,26.74,1649.55,40954.33
2015,8,30,5.4586,7.96,85.48,25.99,1655.38,41099.06
2015,8,31,4.4928,1.53,84.91,25.64,1630.98,40493.37
2015,9,1,3.6727,5.03,82.1,26.54,1498.94,37214.96
2015,9,2,4.8698,14.98,88.23,26.56,1517.57,37677.5
2015,9,3,5.5176,9.5,86.39,26.9,1535.02,38110.87
2015,9,4,3.4289,7.81,82.81,27.35,1512.99,37563.87
2015,9,5,5.1235,11.48,80.8,27.84,1549.96,38481.87
2015,9,6,6.3782,4.81,85.25,27.14,1553.58,38571.7
2015,9,7,5.9827,3.0,84.59,27.4,1553.37,38566.41
2015,9,8,6.1411,9.01,83.76,27.48,1557.61,38671.64
2015,9,9,5.7953,6.47,87.18,27.07,1543.08,38310.91
2015,9,10,4.9416,23.08,91.89,26.03,1506.86,37411.69
2015,9,11,4.6769,8.83,89.88,25.86,1499.09,37218.9
2015,9,12,5.2301,7.11,81.71,27.05,1533.98,38085.0
2015,9,13,3.8405,16.79,86.75,26.66,1504.13,37343.83
2015,9,14,4.819,13.96,84.8,27.35,1534.36,38094.38
2015,9,15,6.3017,6.3,86.32,26.51,1538.2,38189.7
2015,9,16,5.5555,12.18,81.84,27.07,1539.41,38219.77
2015,9,17,5.875,5.34,82.15,27.01,1542.95,38307.73
2015,9,18,5.2282,7.13,84.66,26.87,1529.93,37984.52
2015,9,19,5.953,3.45,82.52,27.11,1546.39,38393.18
2015,9,20,5.537,2.65,80.6,27.31,1544.5,38346.16
2015,9,21,4.5816,12.84,83.96,27.13,1525.83,37882.64
2015,9,22,5.7626,4.96,82.25,27.51,1552.45,38543.64
2015,9,23,5.3909,10.34,87.03,26.61,1526.6,37901.85
2015,9,24,5.9618,2.44,88.59,26.83,1540.23,38240.21
2015,9,25,5.875,5.4,91.32,26.59,1533.51,38073.46
2015,9,26,5.3486,2.03,89.3,26.7,1527.97,37935.82
2015,9,27,4.3925,4.38,87.19,26.11,1500.35,37250.11
2015,9,28,4.3937,6.7,92.03,25.61,1489.3,36975.75
2015,9,29,5.1206,2.49,87.5,25.94,1507.55,37428.87
2015,9,30,5.2716,8.82,84.81,26.68,1526.35,37895.62
2015,10,1,2.5126,27.45,88.49,26.12,1437.69,35694.29
2015,10,2,3.1462,37.13,92.19,25.2,1427.39,35438.63
2015,10,3,5.2721,1.44,87.37,25.82,1471.83,36541.96
2015,10,4,2.2889,19.86,90.9,25.54,1422.12,35307.7
2015,10,5,4.4052,17.4,90.63,25.84,1459.54,36236.77
2015,10,6,4.9951,14.41,87.56,26.42,1480.81,36765.0
2015,10,7,5.8274,1.22,82.95,27.14,1508.93,37463.03
2015,10,8,6.0307,2.09,78.95,27.62,1522.52,37800.43
2015,10,9,5.8255,1.5,80.66,27.34,1513.28,37571.21
2015,10,10,5.7871,0.07,79.96,27.26,1510.95,37513.36
2015,10,11,5.6558,4.5,80.08,27.05,1504.39,37350.35
2015,10,12,4.7623,15.55,83.83,27.13,1492.77,37061.89
2015,10,13,4.5353,23.03,86.92,26.59,1477.68,36687.32
2015,10,14,3.2887,9.99,86.9,26.34,1453.83,36095.15
2015,10,15,4.8055,2.54,81.62,25.98,1468.45,36458.15
2015,10,16,2.8205,4.14,82.98,26.72,1454.99,36123.94
2015,10,17,0.8892,33.16,94.49,26.14,1414.17,35110.41
2015,10,18,2.2577,32.53,90.61,26.36,1439.01,35727.03
2015,10,19,3.1954,14.31,89.77,26.29,1451.38,36034.37
2015,10,20,4.6205,3.81,87.35,26.4,1474.83,36616.51
2015,10,21,5.0498,0.01,85.91,26.06,1473.79,36590.61
2015,10,22,5.7619,0.0,86.75,26.45,1492.83,37063.25
2015,10,23,6.048,0.0,84.54,26.24,1492.45,37053.9
2015,10,24,5.0659,0.0,79.11,26.58,1485.34,36877.49
2015,10,25,5.0702,0.0,85.67,26.22,1477.57,36684.53
2015,10,26,5.647,0.36,86.76,26.03,1481.93,36792.72
2015,10,27,3.516,1.02,86.66,26.07,1451.41,36034.99
2015,10,28,5.1031,0.15,83.85,25.27,1457.37,36183.07
2015,10,29,5.147,0.12,83.57,25.05,1453.22,36079.96
2015,10,30,4.9781,1.36,88.68,25.55,1461.64,36289.05
2015,10,31,3.3278,8.57,92.54,25.2,1430.03,35504.2
2015,11,1,2.2054,7.63,90.56,25.42,1355.52,33654.41
2015,11,2,3.881,6.73,90.65,25.51,1380.74,34280.46
2015,11,3,4.7441,5.57,88.4,25.91,1401.09,34785.59
2015,11,4,4.9046,3.49,88.27,25.76,1400.23,34764.22
2015,11,5,5.0172,4.19,88.21,26.13,1409.5,34994.39
2015,11,6,4.5487,1.06,90.53,25.6,1391.93,34558.18
2015,11,7,5.1137,0.81,87.42,25.94,1406.9,34929.98
2015,11,8,5.2433,7.3,88.32,25.51,1399.76,34752.75
2015,11,9,2.4583,16.0,89.39,25.54,1361.48,33802.32
2015,11,10,5.047,5.66,87.71,25.48,1396.4,34669.2
2015,11,11,5.0995,4.79,87.23,25.31,1393.59,34599.58
2015,11,12,4.4196,7.95,88.31,25.71,1392.39,34569.8
2015,11,13,4.9426,2.68,86.43,25.67,1398.89,34731.03
2015,11,14,4.9058,2.48,87.05,25.6,1396.92,34682.15
2015,11,15,3.8522,4.98,87.82,25.38,1377.67,34204.16
2015,11,16,4.5322,2.7,88.1,25.86,1397.08,34686.0
2015,11,17,4.9411,1.75,86.77,25.76,1400.74,34776.92
2015,11,18,4.7995,7.98,87.08,25.81,1399.79,34753.4
2015,11,19,5.1442,1.95,84.02,24.92,1386.1,34413.47
2015,11,20,4.782,1.75,83.95,25.18,1386.48,34422.89
2015,11,21,4.2917,3.25,85.58,25.06,1377.19,34192.25
2015,11,22,4.613,2.51,87.4,25.55,1391.79,34554.8
2015,11,23,3.7529,1.5,85.17,25.56,1379.98,34261.53
2015,11,24,4.3207,11.02,87.94,25.49,1386.47,34422.65
2015,11,25,3.7956,5.05,86.08,25.69,1383.24,34342.63
2015,11,26,4.7731,2.58,85.23,25.3,1388.84,34481.61
2015,11,27,4.4446,4.66,87.23,24.87,1375.38,34147.4
2015,11,28,3.1342,13.44,88.18,25.41,1368.27,33970.91
2015,11,29,4.0032,10.43,87.49,25.72,1386.77,34430.12
2015,11,30,3.2033,4.31,87.76,25.71,1375.36,34146.87
2015,12,1,3.323,6.64,88.66,25.36,1378.05,34213.75
2015,12,2,4.8646,0.12,84.11,24.73,1386.5,34423.56
2015,12,3,4.9584,0.45,85.83,25.26,1398.88,34730.93
2015,12,4,4.6118,4.0,85.88,24.71,1382.58,34326.07
2015,12,5,2.3878,23.12,90.91,25.54,1368.61,33979.33
2015,12,6,4.3176,10.1,92.99,25.67,1398.43,34719.68
2015,12,7,3.9122,5.14,88.42,25.76,1394.58,34624.17
2015,12,8,4.0884,4.81,87.89,25.65,1394.79,34629.27
2015,12,9,4.4436,7.36,87.38,25.31,1392.72,34577.87
2015,12,10,5.0201,2.28,84.73,26.44,1424.43,35365.09
2015,12,11,4.7436,1.64,85.05,26.17,1414.86,35127.51
2015,12,12,3.3878,0.48,84.54,26.07,1393.57,34598.95
2015,12,13,4.2046,0.49,83.84,25.73,1398.09,34711.08
2015,12,14,2.5838,14.29,87.81,25.89,1378.51,34225.03
2015,12,15,0.7697,131.67,93.46,25.31,1341.27,33300.41
2015,12,16,1.2761,159.12,95.08,25.5,1352.18,33571.45
2015,12,17,1.9769,50.21,94.27,24.4,1339.72,33262.02
2015,12,18,2.461,61.35,90.52,23.7,1332.14,33073.87
2015,12,19,0.5875,101.34,90.69,24.36,1319.73,32765.62
2015,12,20,2.9858,20.47,90.87,24.82,1362.26,33821.71
2015,12,21,3.9274,12.52,92.68,24.83,1375.56,34151.86
2015,12,22,4.031,0.73,88.33,24.58,1371.82,34059.09
2015,12,23,4.7376,0.23,86.64,24.21,1373.9,34110.53
2015,12,24,4.9817,0.29,87.5,24.42,1381.65,34303.01
2015,12,25,4.9481,0.33,86.96,23.98,1371.99,34063.17
2015,12,26,3.3454,5.0,89.5,23.7,1344.23,33374.0
2015,12,27,5.1353,0.89,87.15,23.93,1373.51,34100.98
2015,12,28,4.7858,0.01,85.22,23.17,1352.86,33588.24
2015,12,29,4.4333,0.11,84.75,23.17,1348.08,33469.59
2015,12,30,4.325,1.34,86.18,23.44,1352.22,33572.36
2015,12,31,2.1286,24.11,91.45,24.5,1343.85,33364.47
2016,1,1,2.5046,15.86,90.3,24.88,1465.17,36376.66
2016,1,2,3.8124,12.82,90.49,25.05,1488.62,36958.75
2016,1,3,4.7825,1.24,88.29,24.56,1492.19,37047.48
2016,1,4,4.8708,0.66,87.98,24.26,1486.75,36912.3
2016,1,5,5.4314,0.5,87.08,24.13,1492.14,37046.3
2016,1,6,3.6034,1.23,86.11,23.84,1458.53,36211.69
2016,1,7,3.8465,2.56,88.47,23.85,1462.35,36306.51
2016,1,8,4.5226,1.94,84.65,24.81,1493.92,37090.47
2016,1,9,4.4311,0.91,87.66,24.3,1481.1,36772.08
2016,1,10,4.7688,0.36,87.27,24.29,1485.9,36891.38
2016,1,11,4.4669,0.01,86.59,24.94,1496.01,37142.21
2016,1,12,3.9794,1.32,86.02,25.08,1491.8,37037.86
2016,1,13,4.0601,1.49,87.99,24.99,1491.01,37018.07
2016,1,14,4.4482,1.29,87.62,24.92,1495.28,37124.07
2016,1,15,4.0262,1.01,87.28,24.59,1481.55,36783.34
2016,1,16,3.821,2.31,88.05,24.68,1480.49,36756.98
2016,1,17,5.2159,0.21,82.23,24.96,1507.72,37433.13
2016,1,18,5.0899,0.01,80.99,24.99,1506.51,37402.9
2016,1,19,4.1765,2.7,87.5,24.88,1490.29,37000.41
2016,1,20,4.0747,3.01,86.22,24.52,1480.71,36762.47
2016,1,21,4.597,0.18,83.81,24.42,1486.27,36900.44
2016,1,22,4.1803,0.04,84.53,24.78,1488.11,36946.22
2016,1,23,5.5673,0.07,79.9,25.67,1529.13,37964.69
2016,1,24,3.0869,13.82,87.25,23.6,1445.57,35890.03
2016,1,25,3.7018,9.99,84.36,21.58,1409.61,34997.27
2016,1,26,3.9307,1.97,83.37,22.37,1430.53,35516.59
2016,1,27,3.426,1.5,85.98,23.46,1447.46,35936.86
2016,1,28,3.9242,0.5,84.47,24.52,1478.46,36706.63
2016,1,29,3.281,5.64,86.15,24.85,1476.17,36649.79
2016,1,30,4.5125,2.26,85.94,25.38,1506.58,37404.71
2016,1,31,3.6758,2.79,86.44,25.08,1487.23,36924.25
2016,2,1,5.0201,0.75,82.46,24.34,1499.67,37233.09
2016,2,2,5.01,0.23,80.68,24.18,1495.88,37139.08
2016,2,3,2.9441,4.33,87.14,24.44,1470.76,36515.52
2016,2,4,4.0394,3.98,87.09,25.19,1504.08,37342.78
2016,2,5,4.704,11.76,84.21,26.37,1540.9,38256.88
2016,2,6,1.7592,32.15,90.18,23.66,1435.83,35648.13
2016,2,7,2.5841,15.68,89.37,22.13,1414.15,35110.02
2016,2,8,3.3305,3.02,84.94,22.01,1422.29,35312.02
2016,2,9,2.5944,4.49,86.04,22.75,1428.05,35454.97
2016,2,10,5.0674,2.11,85.18,23.61,1483.78,36838.72
2016,2,11,4.3841,1.88,85.69,23.95,1481.33,36777.74
2016,2,12,5.2102,0.96,83.01,23.86,1491.59,37032.58
2016,2,13,6.0744,0.03,81.98,23.85,1504.22,37346.24
2016,2,14,5.8891,0.03,80.06,24.87,1524.84,37858.14
2016,2,15,3.379,1.32,87.68,23.84,1463.89,36344.77
2016,2,16,3.6185,3.12,83.62,23.36,1456.7,36166.28
2016,2,17,4.8178,0.69,81.98,23.4,1475.32,36628.62
2016,2,18,3.9317,0.36,81.64,23.76,1470.31,36504.32
2016,2,19,4.7172,6.0,85.45,23.7,1480.63,36760.41
2016,2,20,5.8807,0.45,80.15,24.58,1518.07,37690.0
2016,2,21,5.1072,0.95,82.66,24.22,1498.24,37197.76
2016,2,22,5.6724,0.7,83.3,24.81,1520.19,37742.76
2016,2,23,5.8807,0.48,80.91,24.46,1515.32,37621.72
2016,2,24,5.5373,2.22,82.78,24.28,1506.05,37391.6
2016,2,25,4.0344,12.6,84.88,24.12,1479.94,36743.28
2016,2,26,3.439,15.2,85.32,24.17,1472.16,36550.14
2016,2,27,4.5449,6.9,84.8,24.01,1485.08,36870.93
2016,2,28,2.6789,8.7,87.36,24.45,1467.0,36422.16
2016,2,29,4.5562,5.45,89.01,24.87,1504.7,37357.97
2016,3,1,3.3182,17.11,88.92,24.22,1746.63,43364.54
2016,3,2,3.0902,20.65,86.98,23.64,1727.24,42883.12
2016,3,3,3.2688,13.25,88.19,24.06,1741.51,43237.49
2016,3,4,3.5465,3.75,83.62,26.03,1798.78,44659.28
2016,3,5,6.0955,3.33,80.97,26.58,1860.3,46186.66
2016,3,6,6.3662,0.02,74.63,27.4,1887.69,46866.76
2016,3,7,6.1085,0.42,78.41,26.83,1867.35,46361.81
2016,3,8,6.4157,0.0,80.16,25.91,1847.87,45878.08
2016,3,9,5.9479,0.02,80.57,26.21,1847.51,45869.19
2016,3,10,5.8308,0.31,80.34,26.32,1848.36,45890.23
2016,3,11,5.9366,0.0,78.22,25.81,1836.42,45593.77
2016,3,12,5.653,0.03,80.68,25.5,1822.84,45256.79
2016,3,13,6.1822,0.07,80.38,25.55,1833.79,45528.6
2016,3,14,6.7157,0.0,73.9,26.44,1867.87,46374.67
2016,3,15,4.7753,0.25,78.12,25.67,1811.52,44975.7
2016,3,16,6.2789,0.51,77.54,26.26,1854.93,46053.49
2016,3,17,4.735,3.55,81.51,26.14,1823.43,45271.33
2016,3,18,5.7653,2.15,81.0,25.84,1834.11,45536.63
2016,3,19,6.6454,0.0,78.35,25.86,1850.68,45947.97
2016,3,20,6.6859,0.0,79.23,25.66,1845.94,45830.13
2016,3,21,6.3007,0.03,79.18,25.47,1833.75,45527.67
2016,3,22,6.0684,0.08,78.4,26.08,1846.17,45835.98
2016,3,23,6.4783,0.02,76.57,26.53,1865.97,46327.58
2016,3,24,6.7337,0.0,71.64,27.55,1898.65,47138.83
2016,3,25,6.583,0.07,69.66,28.05,1909.53,47409.01
2016,3,26,5.9971,5.33,73.69,27.01,1870.19,46432.42
2016,3,27,4.1549,12.73,82.51,25.44,1794.11,44543.37
2016,3,28,2.9064,6.55,82.82,24.27,1740.63,43215.68
2016,3,29,3.8129,6.34,82.88,24.79,1770.6,43959.77
2016,3,30,5.0446,4.0,82.17,26.12,1828.55,45398.47
2016,3,31,4.7652,3.1,81.65,26.41,1831.24,45465.36
2016,4,1,5.4343,5.8,80.95,26.6,1859.57,46168.54
2016,4,2,5.5826,1.62,79.42,26.49,1859.31,46162.21
2016,4,3,6.7277,0.52,77.28,26.43,1878.82,46646.65
2016,4,4,6.3365,0.34,76.89,26.48,1872.97,46501.39
2016,4,5,5.6069,2.5,78.02,27.07,1875.59,46566.29
2016,4,6,6.2494,2.28,79.0,26.74,1878.5,46638.69
2016,4,7,6.385,0.8,78.48,27.07,1890.09,46926.44
2016,4,8,5.9304,0.95,78.28,27.34,1889.01,46899.53
2016,4,9,7.0625,0.16,74.55,27.07,1902.72,47240.02
2016,4,10,7.1736,0.0,68.54,27.68,1921.7,47711.13
2016,4,11,7.0802,0.0,61.43,28.95,1955.1,48540.49
2016,4,12,7.0339,0.06,69.73,29.12,1958.92,48635.27
2016,4,13,6.3758,0.15,67.81,29.81,1965.26,48792.61
2016,4,14,6.2203,0.6,68.82,30.13,1971.03,48935.87
2016,4,15,6.3166,0.83,72.11,29.37,1952.02,48463.93
2016,4,16,6.2988,2.14,73.81,28.81,1936.29,48073.43
2016,4,17,6.9598,0.01,70.82,28.42,1938.14,48119.36
2016,4,18,6.6593,0.42,72.01,28.67,1939.32,48148.67
2016,4,19,6.4308,1.0,74.53,27.84,1912.13,47473.55
2016,4,20,6.3005,0.89,76.11,27.85,1909.95,47419.39
2016,4,21,6.6115,0.22,72.97,27.9,1917.19,47599.18
2016,4,22,6.7123,0.51,73.1,28.09,1924.33,47776.53
2016,4,23,7.0176,0.19,71.07,28.35,1937.3,48098.55
2016,4,24,7.069,0.0,69.03,28.95,1954.89,48535.16
2016,4,25,6.9442,0.2,70.55,28.61,1943.1,48242.42
2016,4,26,7.2763,0.12,70.41,28.21,1938.33,48124.1
2016,4,27,6.859,1.2,71.76,28.89,1949.21,48394.15
2016,4,28,6.3682,4.03,66.51,30.21,1976.11,49061.98
2016,4,29,5.7763,5.17,69.49,29.93,1956.92,48585.5
2016,4,30,6.2525,3.82,76.21,27.92,1910.96,47444.65
2016,5,1,6.5738,4.61,75.53,28.97,1900.35,47181.02
2016,5,2,6.9895,0.42,71.24,29.34,1918.12,47622.27
2016,5,3,7.1006,0.08,71.1,29.43,1922.64,47734.57
2016,5,4,7.007,0.01,68.89,29.18,1914.13,47523.11
2016,5,5,5.4797,3.88,76.22,28.41,1864.97,46302.8
2016,5,6,6.5057,3.64,76.3,28.43,1884.55,46788.95
2016,5,7,6.3641,0.38,73.06,28.87,1893.74,47016.96
2016,5,8,6.7258,0.86,72.93,28.83,1899.42,47157.98
2016,5,9,6.3511,5.72,76.04,28.32,1878.73,46644.37
2016,5,10,6.4531,2.14,68.55,29.5,1912.33,47478.55
2016,5,11,6.5227,1.23,68.88,29.9,1924.4,47778.16
2016,5,12,5.3638,3.72,73.76,28.98,1877.97,46625.58
2016,5,13,6.0799,1.8,73.99,28.59,1880.93,46699.02
2016,5,14,5.131,3.29,77.91,28.18,1852.4,45990.67
2016,5,15,5.2601,1.09,73.75,28.69,1868.33,46386.21
2016,5,16,6.1973,3.74,74.36,28.42,1878.56,46640.13
2016,5,17,6.005,3.14,77.41,28.09,1866.16,46332.32
2016,5,18,6.1778,14.46,76.93,28.36,1876.59,46591.23
2016,5,19,5.2337,8.99,78.5,28.45,1861.47,46215.8
2016,5,20,4.1549,8.15,82.13,27.77,1823.58,45275.01
2016,5,21,5.5483,3.71,78.69,28.42,1866.51,46341.02
2016,5,22,4.6128,3.98,77.48,28.91,1862.08,46230.84
2016,5,23,4.4179,12.9,84.1,27.57,1823.15,45264.34
2016,5,24,5.2807,6.54,79.34,28.37,1860.22,46184.72
2016,5,25,4.5775,12.01,78.47,28.4,1847.96,45880.5
2016,5,26,5.6033,5.41,75.18,28.73,1875.79,46571.45
2016,5,27,5.8214,3.15,80.69,28.15,1864.37,46287.88
2016,5,28,5.6683,2.8,75.53,29.02,1884.74,46793.52
2016,5,29,5.8409,2.97,74.42,29.33,1896.25,47079.32
2016,5,30,4.9937,2.34,72.53,29.67,1889.32,46907.35
2016,5,31,4.8871,5.65,71.84,29.63,1886.25,46831.07
2016,6,1,4.6819,4.63,79.14,28.18,1729.38,42936.45
2016,6,2,6.3902,12.43,83.43,27.39,1739.13,43178.32
2016,6,3,6.331,3.5,81.02,27.74,1746.92,43371.82
2016,6,4,5.9746,1.24,77.33,28.35,1756.08,43599.12
2016,6,5,5.5555,1.6,80.7,27.98,1739.55,43188.72
2016,6,6,5.405,8.1,86.37,26.64,1703.52,42294.37
2016,6,7,5.6057,10.03,77.49,28.08,1742.91,43272.32
2016,6,8,5.6947,5.1,79.55,27.68,1734.45,43062.21
2016,6,9,4.7071,3.0,81.41,27.67,1717.19,42633.71
2016,6,10,6.0257,1.26,78.46,28.4,1758.22,43652.33
2016,6,11,5.4384,2.05,80.74,28.34,1746.5,43361.4
2016,6,12,5.5162,6.11,80.37,28.03,1740.11,43202.83
2016,6,13,5.9736,4.13,80.36,27.81,1742.51,43262.43
2016,6,14,6.1481,0.97,80.26,27.81,1745.53,43337.2
2016,6,15,6.6502,2.14,75.38,28.64,1775.15,44072.62
2016,6,16,5.5867,3.41,74.1,29.19,1770.32,43952.68
2016,6,17,4.129,7.59,83.22,27.81,1710.68,42472.11
2016,6,18,4.5852,7.16,85.83,27.41,1708.66,42421.92
2016,6,19,5.0546,5.86,86.21,26.9,1704.04,42307.19
2016,6,20,5.077,4.93,87.15,26.66,1698.46,42168.55
2016,6,21,5.8327,5.97,84.35,26.8,1714.79,42574.02
2016,6,22,4.1952,7.0,79.19,27.29,1699.01,42182.38
2016,6,23,4.7503,9.93,84.62,27.0,1701.33,42240.04
2016,6,24,4.782,11.15,85.58,26.96,1700.88,42228.85
2016,6,25,5.4055,12.49,86.33,27.06,1714.01,42554.64
2016,6,26,3.713,20.23,83.28,27.14,1687.08,41886.01
2016,6,27,4.8876,13.74,86.95,26.46,1690.28,41965.54
2016,6,28,5.7612,11.91,90.71,26.26,1700.06,42208.29
2016,6,29,4.1378,8.39,85.08,27.01,1691.13,41986.78
2016,6,30,3.5777,7.31,85.86,26.44,1667.62,41403.06
2016,7,1,5.9426,3.3,85.32,26.77,1726.14,42855.84
2016,7,2,5.0033,2.62,81.88,27.45,1727.07,42878.91
2016,7,3,4.331,8.45,82.45,26.69,1696.59,42122.33
2016,7,4,3.8234,3.35,72.78,27.94,1718.79,42673.4
2016,7,5,4.0224,12.44,84.11,26.85,1695.28,42089.75
2016,7,6,5.3748,9.75,85.55,26.47,1708.9,42427.97
2016,7,7,4.3284,22.33,92.12,26.12,1682.4,41769.99
2016,7,8,2.9438,27.39,93.12,25.99,1655.77,41108.74
2016,7,9,4.0562,26.94,91.93,25.74,1668.39,41422.01
2016,7,10,4.5706,11.04,89.71,26.01,1683.77,41803.89
2016,7,11,3.5887,3.22,86.28,26.21,1672.09,41513.97
2016,7,12,5.9683,3.52,83.7,26.82,1727.84,42898.07
2016,7,13,5.6208,1.44,80.92,27.4,1736.47,43112.47
2016,7,14,6.2599,4.98,77.27,28.2,1767.75,43888.85
2016,7,15,6.1656,2.41,78.44,28.14,1764.58,43810.32
2016,7,16,6.4495,1.99,76.52,28.74,1784.74,44310.88
2016,7,17,6.7954,2.11,73.13,28.95,1796.17,44594.57
2016,7,18,6.5954,1.72,77.59,27.82,1763.96,43794.76
2016,7,19,4.3896,6.06,86.56,26.51,1693.12,42036.19
2016,7,20,5.2013,4.87,87.47,26.33,1702.45,42267.6
2016,7,21,6.5371,5.43,86.01,27.08,1744.17,43303.51
2016,7,22,5.185,8.38,77.39,28.24,1749.98,43447.82
2016,7,23,5.9594,8.44,79.72,27.72,1750.39,43457.97
2016,7,24,5.7677,16.27,78.65,27.94,1752.61,43512.98
2016,7,25,6.0631,2.6,83.81,26.92,1731.99,43001.04
2016,7,26,6.7723,0.06,80.01,27.56,1760.42,43706.87
2016,7,27,6.457,0.5,75.21,28.43,1777.02,44119.04
2016,7,28,5.1686,0.62,80.08,27.7,1736.18,43105.14
2016,7,29,4.7357,1.44,78.83,28.01,1736.4,43110.66
2016,7,30,2.9167,3.55,87.36,26.12,1658.49,41176.34
2016,7,31,2.2795,37.01,92.44,25.29,1627.52,40407.48
2016,8,1,4.277,14.68,87.68,26.15,1692.25,42014.48
2016,8,2,4.0349,9.47,89.61,25.87,1681.15,41738.98
2016,8,3,6.305,3.6,80.02,27.59,1763.49,43783.09
2016,8,4,6.5782,2.72,75.69,28.92,1802.2,44744.24
2016,8,5,5.8958,4.72,84.35,27.21,1746.73,43366.97
2016,8,6,5.5313,16.68,89.8,25.94,1708.32,42413.56
2016,8,7,4.8343,13.1,91.67,25.5,1685.44,41845.38
2016,8,8,2.9808,11.73,91.86,25.65,1657.84,41160.2
2016,8,9,2.933,22.07,91.14,25.14,1644.48,40828.44
2016,8,10,2.6674,20.83,89.89,25.38,1645.91,40863.99
2016,8,11,3.5839,3.87,90.98,26.16,1680.68,41727.31
2016,8,12,3.0053,25.26,92.63,25.94,1665.4,41347.86
2016,8,13,1.0075,43.86,93.91,26.03,1633.62,40558.92
2016,8,14,2.0582,17.35,93.94,26.16,1654.67,41081.53
2016,8,15,4.0894,13.71,93.97,26.32,1693.29,42040.21
2016,8,16,2.5932,12.42,93.9,26.01,1660.11,41216.63
2016,8,17,4.5605,3.96,92.39,25.96,1692.33,42016.41
2016,8,18,4.7388,2.2,89.69,26.63,1712.15,42508.67
2016,8,19,4.5811,9.25,91.09,26.51,1706.44,42366.89
2016,8,20,2.8786,28.1,92.24,26.3,1672.1,41514.29
2016,8,21,3.9953,9.87,94.92,25.76,1677.74,41654.33
2016,8,22,5.1197,4.97,82.98,27.06,1729.51,42939.67
2016,8,23,4.6829,3.61,88.69,26.65,1711.7,42497.29
2016,8,24,4.613,3.32,88.93,26.61,1709.49,42442.63
2016,8,25,4.2749,7.55,91.25,26.54,1701.95,42255.2
2016,8,26,4.4666,12.68,92.26,26.61,1706.98,42380.25
2016,8,27,5.2726,10.78,91.04,26.44,1716.53,42617.29
2016,8,28,3.8791,8.56,91.38,25.93,1680.0,41710.34
2016,8,29,4.2134,5.69,91.38,25.77,1681.69,41752.29
2016,8,30,5.5241,6.4,89.66,26.3,1717.3,42636.36
2016,8,31,5.4958,1.25,90.19,26.14,1712.77,42524.01
2016,9,1,4.2415,0.45,87.84,26.05,1544.64,38349.73
2016,9,2,6.3941,0.17,85.93,26.4,1586.3,39384.07
2016,9,3,5.9647,0.47,87.95,26.54,1582.83,39297.94
2016,9,4,3.1577,10.56,92.66,26.27,1532.74,38054.15
2016,9,5,5.4005,3.87,88.5,26.22,1566.6,38895.0
2016,9,6,5.9268,0.06,82.79,26.89,1590.36,39484.77
2016,9,7,5.6928,5.36,88.8,26.34,1573.94,39077.19
2016,9,8,5.9777,14.15,84.01,26.81,1589.3,39458.58
2016,9,9,4.5427,9.06,84.12,27.01,1571.29,39011.45
2016,9,10,5.9666,11.78,88.33,26.51,1582.17,39281.4
2016,9,11,6.0552,8.96,89.72,26.55,1584.48,39338.93
2016,9,12,5.5589,5.5,85.8,26.82,1582.94,39300.67
2016,9,13,4.565,3.74,92.0,25.5,1537.09,38162.24
2016,9,14,4.6738,7.31,90.62,26.06,1551.6,38522.47
2016,9,15,5.321,4.47,92.82,25.83,1556.37,38640.93
2016,9,16,5.1437,0.8,87.98,26.46,1568.12,38932.67
2016,9,17,4.747,5.61,89.92,26.01,1551.59,38522.3
2016,9,18,5.0974,2.07,87.88,26.43,1566.71,38897.53
2016,9,19,4.597,6.35,89.97,26.02,1549.49,38470.05
2016,9,20,2.2956,9.01,87.05,26.47,1523.75,37830.97
2016,9,21,4.0855,13.3,91.62,26.04,1541.99,38283.79
2016,9,22,3.0401,2.7,88.35,26.47,1535.41,38120.45
2016,9,23,4.5134,7.23,82.49,27.53,1582.73,39295.26
2016,9,24,4.8799,6.65,86.97,26.78,1571.34,39012.5
2016,9,25,3.5477,20.65,84.53,27.62,1569.41,38964.54
2016,9,26,5.2145,10.95,90.76,26.44,1568.77,38948.76
2016,9,27,4.4023,7.19,90.29,25.98,1545.55,38372.16
2016,9,28,2.6462,25.7,93.6,25.46,1506.57,37404.5
2016,9,29,3.636,19.22,90.59,25.42,1520.93,37761.14
2016,9,30,5.123,8.27,86.37,25.9,1554.91,38604.66
2016,10,1,5.6688,6.76,87.28,26.27,1535.1,38112.95
2016,10,2,4.8338,7.34,86.24,26.19,1520.58,37752.31
2016,10,3,4.369,4.75,89.89,25.98,1508.82,37460.26
2016,10,4,3.2666,26.35,92.46,25.76,1487.22,36924.2
2016,10,5,3.2681,19.97,86.16,26.5,1503.57,37330.01
2016,10,6,4.2862,23.03,86.97,26.22,1512.91,37561.84
2016,10,7,3.4051,12.65,93.24,25.32,1479.6,36734.95
2016,10,8,4.2535,4.23,91.63,25.68,1500.38,37250.78
2016,10,9,4.3111,8.07,82.79,26.65,1522.87,37809.24
2016,10,10,3.6806,13.5,85.32,26.68,1513.87,37585.69
2016,10,11,4.2576,23.53,84.19,26.75,1524.28,37844.18
2016,10,12,4.5413,11.79,82.77,26.39,1520.59,37752.65
2016,10,13,3.0866,24.8,91.51,25.84,1486.26,36900.29
2016,10,14,4.697,2.48,84.76,26.18,1518.27,37695.03
2016,10,15,1.399,60.11,94.33,24.61,1434.08,35604.64
2016,10,16,2.989,31.97,93.41,25.68,1481.26,36776.2
2016,10,17,4.1431,15.84,90.83,26.1,1508.06,37441.4
2016,10,18,5.275,4.32,85.14,27.38,1554.08,38584.14
2016,10,19,2.017,4.17,92.81,25.93,1472.01,36546.57
2016,10,20,2.7907,7.63,93.37,25.72,1479.14,36723.58
2016,10,21,4.8379,1.43,90.77,26.22,1521.31,37770.56
2016,10,22,5.2858,2.8,90.77,26.22,1528.14,37940.01
2016,10,23,5.5147,0.63,87.22,26.67,1541.78,38278.67
2016,10,24,5.1214,0.06,86.22,26.31,1527.66,37928.03
2016,10,25,6.0082,5.37,87.68,25.65,1526.22,37892.45
2016,10,26,3.7207,11.0,93.44,25.59,1490.33,37001.3
2016,10,27,3.5033,8.07,91.43,26.11,1498.55,37205.27
2016,10,28,4.7681,7.48,88.08,26.05,1516.44,37649.63
2016,10,29,4.7333,9.24,87.93,25.99,1514.57,37603.15
2016,10,30,4.7734,8.55,89.7,25.75,1509.81,37484.83
2016,10,31,4.5019,19.72,90.64,25.24,1494.31,37100.03
2016,11,1,2.8378,24.44,94.11,25.0,1399.19,34738.45
2016,11,2,2.1552,35.24,92.63,25.64,1402.76,34827.25
2016,11,3,2.3477,26.97,91.17,25.49,1402.41,34818.48
2016,11,4,1.5094,27.93,89.16,25.69,1394.48,34621.45
2016,11,5,4.2377,7.33,86.88,26.01,1440.71,35769.32
2016,11,6,3.7349,4.68,89.43,25.37,1419.85,35251.54
2016,11,7,4.1614,1.08,86.46,24.69,1411.52,35044.69
2016,11,8,5.3962,0.27,81.86,24.12,1416.82,35176.3
2016,11,9,5.1242,0.67,82.7,23.79,1405.9,34905.03
2016,11,10,3.5059,4.78,86.31,24.64,1401.14,34786.8
2016,11,11,3.4745,8.06,89.6,25.09,1410.19,35011.72
2016,11,12,4.6632,6.21,88.3,25.34,1432.56,35567.05
2016,11,13,3.6518,4.18,89.08,24.99,1410.62,35022.22
2016,11,14,4.1388,23.67,89.41,25.62,1430.98,35527.75
2016,11,15,0.5767,39.68,92.8,25.44,1375.87,34159.6
2016,11,16,4.6166,13.61,90.92,25.93,1444.5,35863.45
2016,11,17,4.5521,4.5,90.24,25.83,1441.43,35787.21
2016,11,18,2.9762,9.12,94.37,25.22,1405.79,34902.39
2016,11,19,2.2543,21.91,94.67,25.24,1395.85,34655.59
2016,11,20,4.3776,2.43,90.67,25.78,1437.84,35698.01
2016,11,21,5.2255,1.02,87.65,25.29,1439.57,35741.03
2016,11,22,4.458,4.4,87.56,24.72,1416.38,35165.41
2016,11,23,5.0933,1.88,86.86,24.81,1427.36,35438.01
2016,11,24,3.5489,3.15,87.56,24.4,1396.67,34676.02
2016,11,25,0.8858,35.16,92.79,24.55,1362.02,33815.57
2016,11,26,2.5795,24.52,94.57,25.09,1397.38,34693.51
2016,11,27,3.6576,5.88,93.02,25.51,1421.71,35297.51
2016,11,28,4.4866,4.31,91.07,25.6,1435.57,35641.79
2016,11,29,4.2991,11.77,90.33,25.63,1433.51,35590.49
2016,11,30,4.1674,6.42,90.32,25.34,1425.44,35390.12
2016,12,1,3.1169,7.67,91.04,24.97,1410.91,35029.56
2016,12,2,2.6827,16.62,90.24,24.99,1405.09,34885.01
2016,12,3,3.0118,14.27,90.36,24.79,1405.59,34897.51
2016,12,4,4.081,1.37,89.03,24.99,1425.2,35384.38
2016,12,5,3.2914,7.02,90.59,25.37,1421.91,35302.5
2016,12,6,4.2082,8.02,88.13,24.78,1422.54,35318.18
2016,12,7,1.4374,15.42,94.36,25.08,1389.05,34486.78
2016,12,8,3.2182,22.79,92.56,24.45,1401.35,34792.09
2016,12,9,3.3038,7.56,88.28,25.37,1422.09,35306.96
2016,12,10,4.1266,7.35,91.02,25.2,1430.35,35512.19
2016,12,11,2.8867,27.9,92.71,24.87,1405.49,34894.93
2016,12,12,2.6016,24.62,92.05,25.06,1405.4,34892.65
2016,12,13,0.876,28.99,95.37,25.15,1382.41,34321.98
2016,12,14,2.5433,23.11,96.27,24.46,1391.93,34558.24
2016,12,15,1.8636,30.08,95.78,24.62,1385.57,34400.47
2016,12,16,2.1686,56.56,94.53,24.23,1381.76,34305.75
2016,12,17,2.0112,13.08,89.93,23.42,1362.56,33829.18
2016,12,18,2.2289,24.91,90.82,24.47,1387.65,34452.06
2016,12,19,3.1985,9.06,90.6,24.48,1401.7,34800.89
2016,12,20,4.4868,5.5,90.39,24.8,1426.96,35428.02
2016,12,21,3.463,5.25,89.46,24.73,1410.79,35026.51
2016,12,22,4.759,0.45,86.31,24.24,1418.81,35225.65
2016,12,23,4.2648,0.92,87.6,24.44,1416.07,35157.51
2016,12,24,3.6326,2.9,88.68,24.84,1415.56,35144.97
2016,12,25,3.2407,4.53,88.48,25.0,1413.33,35089.55
2016,12,26,1.8168,44.72,94.41,25.09,1394.72,34627.64
2016,12,27,4.405,3.51,94.05,25.29,1436.3,35659.86
2016,12,28,3.6895,1.54,90.96,25.32,1426.6,35419.05
2016,12,29,4.4112,9.65,91.04,25.42,1439.18,35731.32
2016,12,30,4.1278,13.28,90.1,25.2,1430.37,35512.62
2016,12,31,2.8582,20.74,90.84,24.83,1404.24,34863.8
2017,1,1,3.1853,11.12,87.46,24.39,1509.95,37488.36
2017,1,2,3.2717,2.55,89.0,24.23,1507.62,37430.47
2017,1,3,3.6888,2.18,88.57,24.65,1523.66,37828.92
2017,1,4,2.7605,14.02,90.1,24.44,1504.55,37354.42
2017,1,5,2.4665,16.87,89.84,24.13,1492.99,37067.44
2017,1,6,4.8019,1.03,87.29,23.27,1508.79,37459.52
2017,1,7,4.7232,0.11,85.71,23.14,1504.58,37355.04
2017,1,8,3.7394,0.41,86.73,23.38,1495.25,37123.5
2017,1,9,3.5786,1.22,85.8,23.39,1493.05,37068.74
2017,1,10,1.4023,47.82,94.93,23.95,1472.65,36562.42
2017,1,11,1.7482,21.35,90.95,23.96,1478.16,36699.2
2017,1,12,2.6064,6.87,90.37,24.5,1503.54,37329.39
2017,1,13,4.4222,1.27,88.29,24.2,1524.57,37851.44
2017,1,14,3.613,0.04,86.78,24.22,1512.62,37554.77
2017,1,15,2.8915,5.14,88.58,24.17,1500.42,37251.71
2017,1,16,3.0754,2.96,86.73,23.22,1481.54,36783.15
2017,1,17,3.4022,2.29,85.01,22.82,1477.32,36678.21
2017,1,18,4.1249,2.01,85.68,22.55,1481.94,36792.89
2017,1,19,3.9331,0.66,85.77,23.09,1491.51,37030.49
2017,1,20,4.0049,0.06,83.65,22.66,1482.68,36811.3
2017,1,21,4.362,1.15,83.2,22.86,1492.65,37058.93
2017,1,22,2.6489,13.82,90.66,24.02,1493.29,37074.73
2017,1,23,2.9016,36.36,92.74,23.73,1490.54,37006.56
2017,1,24,2.3585,13.44,88.32,23.38,1474.34,36604.32
2017,1,25,3.0062,8.39,87.97,23.0,1475.48,36632.57
2017,1,26,2.9525,10.31,88.83,22.57,1464.86,36369.04
2017,1,27,3.4154,4.77,87.53,22.66,1473.85,36592.11
2017,1,28,3.3326,7.88,89.35,23.16,1484.06,36845.51
2017,1,29,2.5879,7.92,90.48,23.69,1484.86,36865.42
2017,1,30,3.0096,6.65,94.38,24.45,1508.62,37455.27
2017,1,31,3.4001,8.68,92.21,25.02,1527.68,37928.7
2017,2,1,3.8484,23.94,91.22,24.97,1542.64,38300.0
2017,2,2,2.8406,18.81,90.49,24.24,1510.18,37494.22
2017,2,3,3.1277,6.81,87.94,23.16,1489.8,36988.03
2017,2,4,3.9864,0.86,85.83,22.67,1491.47,37029.68
2017,2,5,5.5466,0.35,83.16,23.52,1535.0,38110.27
2017,2,6,3.7555,2.46,86.43,23.54,1508.12,37442.88
2017,2,7,5.3297,0.24,82.33,23.18,1523.7,37829.72
2017,2,8,5.1967,0.07,83.16,23.51,1529.42,37971.82
2017,2,9,4.572,1.75,84.9,23.39,1517.09,37665.6
2017,2,10,4.6303,4.6,87.07,21.9,1483.21,36824.49
2017,2,11,3.5124,3.45,86.46,21.33,1453.42,36084.81
2017,2,12,3.8424,2.96,84.18,21.03,1451.34,36033.27
2017,2,13,2.9712,8.53,84.32,20.48,1425.93,35402.36
2017,2,14,4.3183,2.47,81.29,20.01,1434.6,35617.72
2017,2,15,4.6562,0.44,81.26,20.7,1455.59,36138.72
2017,2,16,4.5115,0.79,84.87,21.95,1482.61,36809.51
2017,2,17,2.8843,5.85,89.1,23.25,1488.16,36947.51
2017,2,18,2.8694,26.65,91.79,24.15,1508.57,37454.04
2017,2,19,2.4074,41.77,91.62,24.04,1498.93,37214.94
2017,2,20,4.6202,1.07,87.35,24.6,1546.05,38384.73
2017,2,21,4.5547,1.37,86.59,24.4,1540.37,38243.71
2017,2,22,3.8028,1.88,87.21,24.29,1526.19,37891.68
2017,2,23,5.6522,0.05,84.83,24.99,1571.26,39010.61
2017,2,24,3.8153,3.49,89.29,24.87,1539.81,38229.72
2017,2,25,4.2322,1.73,87.29,25.05,1550.49,38494.87
2017,2,26,4.7006,1.17,87.77,24.73,1550.33,38491.07
2017,2,27,5.0947,2.67,86.43,24.56,1552.48,38544.27
2017,2,28,4.6039,2.2,86.17,24.07,1533.44,38071.49
2017,3,1,4.1688,3.93,86.57,24.57,1826.01,45335.53
2017,3,2,4.019,3.56,85.85,24.59,1823.81,45280.72
2017,3,3,3.6706,10.38,86.87,23.94,1799.56,44678.74
2017,3,4,2.7706,11.44,87.92,24.04,1785.86,44338.69
2017,3,5,5.9014,0.83,84.48,24.16,1846.42,45842.07
2017,3,6,6.6773,0.0,81.21,24.23,1862.59,46243.71
2017,3,7,5.8344,0.06,83.85,23.74,1833.42,45519.33
2017,3,8,5.8346,0.32,83.51,24.16,1845.19,45811.72
2017,3,9,4.8494,0.21,81.49,23.6,1811.62,44978.2
2017,3,10,5.3882,0.03,82.73,23.82,1827.54,45373.34
2017,3,11,5.9628,0.02,81.05,24.26,1850.35,45939.65
2017,3,12,6.203,0.2,82.35,24.55,1862.91,46251.51
2017,3,13,5.0926,0.32,83.66,24.97,1854.15,46034.18
2017,3,14,6.3497,0.77,81.71,26.02,1907.02,47346.81
2017,3,15,3.8417,2.71,84.07,25.33,1840.87,45704.46
2017,3,16,5.4084,0.22,79.87,24.79,1854.98,46054.68
2017,3,17,5.2094,0.0,79.32,24.34,1838.77,45652.17
2017,3,18,5.6023,0.07,77.69,24.15,1840.66,45699.24
2017,3,19,5.2944,0.27,79.45,23.83,1826.11,45337.86
2017,3,20,6.169,0.47,79.42,24.06,1848.5,45893.82
2017,3,21,2.3774,8.83,87.24,24.87,1801.15,44718.21
2017,3,22,6.047,5.63,82.93,26.71,1920.71,47686.62
2017,3,23,6.3588,0.41,78.08,27.56,1950.59,48428.39
2017,3,24,6.4176,0.37,79.72,26.84,1931.42,47952.51
2017,3,25,6.8035,0.02,75.78,27.07,1945.28,48296.58
2017,3,26,6.8945,0.09,75.44,26.54,1932.0,47967.02
2017,3,27,4.4038,7.92,82.58,25.64,1859.91,46177.06
2017,3,28,3.7464,6.49,82.14,25.05,1831.41,45469.56
2017,3,29,4.6531,0.17,79.34,25.41,1858.2,46134.67
2017,3,30,5.8399,0.02,78.18,25.71,1888.74,46892.9
2017,3,31,6.4476,0.0,74.02,26.08,1910.56,47434.56
2017,4,1,5.8375,1.88,73.08,26.72,1928.31,47875.23
2017,4,2,3.3994,14.92,83.87,24.75,1827.48,45371.89
2017,4,3,3.9058,0.51,76.5,23.47,1801.48,44726.47
2017,4,4,5.2718,0.0,74.52,24.15,1845.43,45817.57
2017,4,5,5.3138,0.01,76.31,24.67,1860.79,46198.9
2017,4,6,5.0285,0.02,77.5,25.72,1884.87,46796.68
2017,4,7,5.5918,0.62,79.04,26.37,1913.76,47514.15
2017,4,8,4.7503,4.84,82.64,26.85,1911.14,47449.08
2017,4,9,6.4277,1.72,77.28,27.43,1959.73,48655.4
2017,4,10,6.811,0.08,73.65,27.71,1975.11,49037.18
2017,4,11,6.9696,0.0,65.97,28.62,2004.13,49757.78
2017,4,12,7.2022,0.0,73.47,27.75,1983.84,49253.98
2017,4,13,7.1858,0.0,75.09,27.36,1972.38,48969.4
2017,4,14,6.7128,0.27,74.74,27.12,1956.42,48573.26
2017,4,15,5.5416,4.49,78.62,26.87,1926.87,47839.44
2017,4,16,4.1988,15.58,83.74,26.47,1890.04,46925.04
2017,4,17,5.6986,8.6,81.8,27.19,1938.89,48137.86
2017,4,18,6.3468,1.34,72.82,28.82,1997.56,49594.6
2017,4,19,6.4085,3.53,75.31,29.03,2004.73,49772.64
2017,4,20,6.485,2.67,69.67,29.48,2019.01,50127.24
2017,4,21,6.5081,1.23,71.83,29.05,2007.27,49835.62
2017,4,22,6.0797,1.51,73.26,28.94,1995.69,49548.1
2017,4,23,5.5903,4.79,74.16,28.71,1979.56,49147.58
2017,4,24,6.8242,2.61,79.08,27.26,1962.55,48725.42
2017,4,25,6.5606,1.11,77.05,27.45,1962.87,48733.25
2017,4,26,7.1592,0.17,71.56,28.22,1996.43,49566.6
2017,4,27,6.8537,2.32,67.36,29.67,2031.76,50443.7
2017,4,28,6.5906,5.69,67.9,30.41,2047.53,50835.32
2017,4,29,5.6054,13.67,74.2,29.41,1999.55,49643.88
2017,4,30,2.939,10.66,74.4,29.03,1936.14,48069.76
2017,5,1,6.3295,3.18,71.71,29.37,1965.63,48801.8
2017,5,2,6.0727,7.69,76.58,28.83,1945.74,48308.09
2017,5,3,5.7948,5.41,78.64,28.35,1927.18,47847.25
2017,5,4,6.713,2.56,81.24,27.57,1923.07,47745.23
2017,5,5,6.4584,2.0,80.34,27.7,1921.86,47715.14
2017,5,6,5.6038,10.0,88.62,26.39,1869.68,46419.71
2017,5,7,6.2921,4.36,82.63,27.19,1904.6,47286.7
2017,5,8,6.8462,1.02,78.69,27.5,1923.64,47759.42
2017,5,9,6.6754,2.29,79.79,27.79,1928.47,47879.24
2017,5,10,5.8942,4.41,82.98,27.42,1903.46,47258.27
2017,5,11,5.2555,4.99,81.99,27.55,1894.97,47047.47
2017,5,12,6.5642,1.38,79.09,27.64,1922.2,47723.58
2017,5,13,6.9437,0.63,74.13,28.17,1944.14,48268.22
2017,5,14,5.5872,1.88,80.21,27.55,1901.24,47203.13
2017,5,15,6.5496,0.04,75.9,28.3,1940.23,48171.13
2017,5,16,6.1524,0.56,74.52,28.92,1949.76,48407.9
2017,5,17,5.053,2.8,84.13,27.19,1881.3,46708.24
2017,5,18,5.5742,8.71,80.29,28.15,1917.47,47606.15
2017,5,19,5.2382,8.96,82.04,28.02,1907.51,47358.76
2017,5,20,5.0395,3.7,76.71,28.78,1924.49,47780.35
2017,5,21,5.219,3.78,77.11,28.46,1919.18,47648.66
2017,5,22,5.567,14.07,79.23,28.0,1913.21,47500.47
2017,5,23,5.213,11.74,79.17,28.19,1911.68,47462.36
2017,5,24,5.6347,8.04,86.77,27.15,1891.14,46952.51
2017,5,25,4.2938,3.45,84.3,27.6,1878.15,46629.83
2017,5,26,4.7981,11.57,81.79,27.75,1891.77,46968.15
2017,5,27,5.3652,5.36,82.8,27.73,1901.97,47221.43
2017,5,28,6.2122,14.94,79.82,28.45,1937.93,48114.01
2017,5,29,5.813,6.6,74.19,29.2,1950.93,48436.86
2017,5,30,6.085,13.27,77.53,28.95,1949.29,48396.21
2017,5,31,6.2549,2.15,77.79,28.6,1942.89,48237.28
2017,6,1,6.2851,0.95,80.42,28.32,1815.32,45069.93
2017,6,2,5.9304,1.21,82.92,27.96,1799.65,44681.08
2017,6,3,6.0358,6.56,86.54,27.38,1786.53,44355.15
2017,6,4,6.5093,1.92,86.07,27.38,1794.9,44563.02
2017,6,5,5.4881,2.24,83.07,27.69,1784.82,44312.77
2017,6,6,5.5973,1.68,77.7,28.34,1803.5,44776.67
2017,6,7,5.1902,13.59,83.81,27.52,1775.17,44073.11
2017,6,8,5.4442,15.39,89.31,27.13,1769.64,43935.78
2017,6,9,3.5347,15.56,84.7,26.6,1722.62,42768.49
2017,6,10,1.8926,25.19,91.41,26.15,1682.75,41778.52
2017,6,11,5.3669,6.78,86.35,26.94,1763.39,43780.72
2017,6,12,5.8078,1.8,82.42,27.25,1779.14,44171.73
2017,6,13,6.569,0.48,79.74,27.71,1804.54,44802.34
2017,6,14,6.3379,1.63,78.94,28.26,1814.71,45054.77
2017,6,15,6.1843,2.08,78.95,28.12,1808.33,44896.41
2017,6,16,7.1038,0.28,70.72,28.99,1847.51,45869.19
2017,6,17,7.0375,0.35,73.49,28.71,1838.99,45657.76
2017,6,18,6.3545,3.44,77.87,28.44,1819.68,45178.15
2017,6,19,5.993,5.01,82.6,27.76,1795.6,44580.37
2017,6,20,6.187,5.42,81.99,27.9,1802.68,44756.07
2017,6,21,6.0067,11.87,86.21,26.89,1773.34,44027.69
2017,6,22,5.3815,9.96,82.01,27.58,1780.1,44195.56
2017,6,23,5.8368,7.1,84.86,26.42,1758.22,43652.31
2017,6,24,6.4212,1.37,74.29,28.24,1815.68,45078.91
2017,6,25,6.8076,3.93,71.6,29.19,1847.36,45865.59
2017,6,26,6.251,5.78,75.46,28.69,1824.3,45292.95
2017,6,27,5.3856,8.62,81.55,27.44,1776.57,44108.01
2017,6,28,4.6421,13.37,80.59,27.53,1765.71,43838.34
2017,6,29,5.5399,10.54,85.66,26.45,1753.81,43542.95
2017,6,30,5.8613,7.92,80.4,27.67,1790.93,44464.52
2017,7,1,4.6762,3.86,76.54,28.16,1793.03,44516.54
2017,7,2,4.7038,5.82,74.26,28.58,1804.31,44796.7
2017,7,3,4.4364,18.06,83.79,26.92,1756.95,43620.8
2017,7,4,3.498,19.81,91.11,25.69,1709.16,42434.26
2017,7,5,5.1307,9.02,85.25,25.96,1744.45,43310.56
2017,7,6,5.9088,5.74,81.43,26.94,1783.48,44279.63
2017,7,7,5.0489,4.1,82.97,26.88,1766.74,43863.9
2017,7,8,4.5478,7.56,89.0,26.02,1735.84,43096.64
2017,7,9,4.5444,10.4,85.5,26.47,1747.32,43381.67
2017,7,10,4.8374,12.22,85.99,26.47,1752.46,43509.36
2017,7,11,3.7582,17.54,89.7,25.96,1720.54,42716.9
2017,7,12,3.6086,14.67,87.82,26.32,1727.08,42879.24
2017,7,13,4.061,13.73,83.38,26.85,1748.53,43411.77
2017,7,14,4.3015,20.91,81.32,26.92,1754.57,43561.63
2017,7,15,4.4405,13.9,79.87,27.38,1768.81,43915.17
2017,7,16,3.7867,21.88,86.04,26.66,1738.85,43171.52
2017,7,17,5.5423,4.36,86.49,26.67,1770.01,43945.17
2017,7,18,2.9652,12.85,87.65,25.81,1702.94,42279.91
2017,7,19,2.8925,9.5,87.56,26.09,1708.74,42423.85
2017,7,20,2.3899,15.89,92.64,25.63,1688.42,41919.5
2017,7,21,5.2344,8.94,89.33,25.81,1742.39,43259.25
2017,7,22,5.232,5.52,89.25,26.24,1753.45,43533.88
2017,7,23,5.2073,5.62,90.78,26.03,1747.59,43388.56
2017,7,24,5.3354,16.32,90.91,25.61,1738.97,43174.49
2017,7,25,4.9368,7.49,92.42,25.39,1726.4,42862.35
2017,7,26,2.7377,19.15,94.02,25.49,1690.93,41981.68
2017,7,27,1.8686,25.26,94.15,25.93,1686.87,41880.99
2017,7,28,2.4655,14.4,93.3,26.02,1699.53,42195.16
2017,7,29,4.6922,6.26,91.5,26.31,1745.8,43344.06
2017,7,30,4.3946,3.78,89.71,26.72,1751.09,43475.32
2017,7,31,4.6608,3.15,90.7,26.77,1757.06,43623.63
2017,8,1,5.3746,5.38,91.93,26.67,1777.54,44131.99
2017,8,2,2.3998,20.87,93.9,26.09,1710.22,42460.58
2017,8,3,4.9762,10.02,91.73,25.98,1752.61,43512.99
2017,8,4,5.2066,3.36,90.78,25.63,1747.56,43387.61
2017,8,5,5.623,3.77,86.92,26.31,1772.55,44008.14
2017,8,6,5.6659,6.37,87.9,26.63,1781.65,44234.16
2017,8,7,6.2933,2.41,85.77,26.99,1802.21,44744.46
2017,8,8,5.8296,3.34,78.64,28.19,1825.31,45318.11
2017,8,9,6.4202,0.93,82.47,27.55,1819.18,45165.93
2017,8,10,6.6653,0.34,82.69,27.22,1814.89,45059.23
2017,8,11,6.2078,0.43,74.88,28.74,1846.58,45846.23
2017,8,12,6.0158,3.04,77.7,28.44,1835.23,45564.28
2017,8,13,4.4054,8.33,80.58,27.72,1787.42,44377.4
2017,8,14,4.7662,4.89,80.16,27.75,1794.69,44557.73
2017,8,15,6.6648,1.88,81.79,28.0,1835.43,45569.21
2017,8,16,6.3504,6.47,81.37,27.9,1827.12,45363.08
2017,8,17,6.2515,8.52,86.6,27.07,1803.56,44778.11
2017,8,18,5.9086,13.04,83.42,27.14,1799.29,44671.91
2017,8,19,4.0121,50.42,83.08,26.96,1760.85,43717.67
2017,8,20,5.7782,12.79,90.77,25.84,1763.01,43771.27
2017,8,21,3.7514,19.66,91.94,25.67,1723.2,42782.95
2017,8,22,4.272,14.81,92.48,25.61,1730.74,42970.17
2017,8,23,4.7796,17.78,92.55,25.78,1743.99,43299.02
2017,8,24,2.8934,5.64,88.51,26.12,1719.65,42694.66
2017,8,25,1.8698,25.88,93.45,24.85,1669.78,41456.7
2017,8,26,5.3998,17.16,86.11,25.97,1759.77,43690.89
2017,8,27,5.8663,5.63,79.19,27.15,1798.79,44659.68
2017,8,28,5.4293,6.02,80.43,27.33,1795.68,44582.5
2017,8,29,4.6368,8.74,78.69,28.07,1800.62,44705.07
2017,8,30,5.0623,12.06,87.61,26.85,1776.68,44110.56
2017,8,31,4.2406,7.15,92.27,26.13,1743.57,43288.6
2017,9,1,5.1024,2.9,88.47,26.49,1616.79,40141.0
2017,9,2,5.4197,1.91,88.05,26.7,1626.91,40392.31
2017,9,3,6.1385,0.15,85.6,27.04,1646.71,40883.75
2017,9,4,3.4882,2.44,78.39,27.35,1610.79,39992.04
2017,9,5,2.6282,5.87,86.0,25.28,1548.83,38453.83
2017,9,6,6.3934,1.27,81.6,26.47,1637.16,40646.76
2017,9,7,6.6845,0.42,70.96,28.9,1700.42,42217.23
2017,9,8,6.7027,0.17,79.95,28.12,1681.92,41758.06
2017,9,9,6.0096,2.89,83.25,27.53,1656.34,41122.85
2017,9,10,5.7502,5.57,80.75,27.81,1658.77,41183.21
2017,9,11,0.3314,88.98,90.55,26.25,1534.31,38093.22
2017,9,12,1.1234,172.89,92.26,26.82,1560.04,38732.05
2017,9,13,4.913,7.76,90.19,26.47,1613.26,40053.29
2017,9,14,5.4139,4.95,89.15,26.78,1628.72,40437.24
2017,9,15,5.334,4.84,87.82,26.41,1618.63,40186.65
2017,9,16,6.4476,3.7,85.23,27.32,1658.47,41175.82
2017,9,17,5.1134,4.17,88.51,26.59,1619.34,40204.31
2017,9,18,5.5181,3.14,84.96,27.56,1648.99,40940.49
2017,9,19,4.8857,4.56,82.99,27.64,1640.51,40729.93
2017,9,20,4.7549,3.67,86.65,26.95,1622.05,40271.63
2017,9,21,5.4583,5.2,88.31,27.07,1636.35,40626.52
2017,9,22,4.4753,13.59,89.06,26.91,1616.56,40135.34
2017,9,23,2.9102,29.67,90.27,25.49,1558.18,38685.87
2017,9,24,5.669,1.35,83.6,26.67,1630.24,40474.82
2017,9,25,2.6453,24.55,90.54,26.24,1571.32,39012.08
2017,9,26,2.7502,13.04,89.56,26.14,1570.69,38996.48
2017,9,27,5.4638,2.25,88.48,26.4,1620.48,40232.72
2017,9,28,3.8873,1.75,87.54,26.16,1589.43,39461.75
2017,9,29,2.9681,11.0,85.2,26.77,1588.82,39446.54
2017,9,30,3.2923,31.63,91.62,25.96,1575.21,39108.65
2017,10,1,2.5054,9.02,92.97,26.01,1527.1,37914.3
2017,10,2,3.6163,11.64,88.95,26.27,1550.44,38493.58
2017,10,3,5.8308,10.48,87.46,25.82,1574.75,39097.28
2017,10,4,4.1201,4.54,82.99,26.66,1567.3,38912.34
2017,10,5,3.9785,13.57,90.52,26.25,1555.67,38623.59
2017,10,6,4.2005,4.6,88.58,26.28,1559.85,38727.32
2017,10,7,2.9894,6.08,87.28,26.46,1544.89,38355.85
2017,10,8,1.0699,29.69,90.31,26.28,1510.62,37505.15
2017,10,9,1.3579,3.54,84.21,26.76,1525.86,37883.33
2017,10,10,4.3186,20.7,82.19,26.55,1567.91,38927.5
2017,10,11,3.6206,3.95,86.45,26.88,1564.43,38840.91
2017,10,12,3.8659,8.61,89.99,26.77,1565.8,38875.03
2017,10,13,3.354,26.85,93.4,26.45,1550.41,38492.92
2017,10,14,2.4912,38.56,92.63,26.27,1532.75,38054.41
2017,10,15,4.4554,10.11,91.23,25.67,1549.82,38478.26
2017,10,16,4.6934,5.94,87.76,26.47,1571.98,39028.57
2017,10,17,4.3368,12.89,87.77,26.56,1568.43,38940.34
2017,10,18,3.6012,12.71,91.67,26.07,1545.63,38374.38
2017,10,19,2.3964,0.57,84.62,25.97,1524.49,37849.53
2017,10,20,4.9255,1.53,86.09,26.32,1572.18,39033.32
2017,10,21,3.9487,0.81,90.69,26.59,1562.99,38805.26
2017,10,22,5.093,7.19,87.53,26.99,1590.33,39484.06
2017,10,23,2.6474,22.67,90.68,25.41,1515.77,37632.89
2017,10,24,3.8179,0.54,84.28,25.29,1531.19,38015.86
2017,10,25,3.6439,5.06,86.06,25.24,1527.36,37920.58
2017,10,26,4.025,4.01,81.33,25.69,1543.57,38323.12
2017,10,27,4.6411,2.5,82.27,26.11,1562.86,38802.0
2017,10,28,4.5377,2.68,80.56,27.02,1582.2,39282.17
2017,10,29,4.5235,6.66,86.85,25.91,1556.41,38641.84
2017,10,30,3.5232,21.56,89.94,25.95,1541.68,38276.1
2017,10,31,1.6226,50.04,93.01,25.37,1498.97,37215.73
2017,11,1,1.0111,71.98,93.76,24.91,1413.73,35099.46
2017,11,2,2.0321,20.04,94.74,24.92,1428.98,35478.04
2017,11,3,5.0184,15.67,93.2,25.06,1476.05,36646.82
2017,11,4,1.7429,40.66,90.76,25.29,1432.63,35568.86
2017,11,5,2.394,17.86,94.21,25.34,1443.35,35834.98
2017,11,6,4.4393,5.78,92.4,25.77,1483.12,36822.32
2017,11,7,4.5545,5.59,89.35,25.91,1487.92,36941.51
2017,11,8,4.8314,1.67,88.79,26.0,1494.05,37093.59
2017,11,9,0.8904,71.18,92.1,25.1,1415.98,35155.38
2017,11,10,4.2137,50.04,92.43,25.9,1482.61,36809.6
2017,11,11,4.1875,3.01,92.03,26.02,1484.85,36865.24
2017,11,12,4.4448,3.65,90.68,25.65,1480.56,36758.83
2017,11,13,3.7003,1.94,90.97,25.61,1468.61,36461.95
2017,11,14,3.1982,3.29,91.46,25.68,1462.66,36314.21
2017,11,15,5.2013,2.04,88.6,25.69,1492.71,37060.47
2017,11,16,3.4944,4.72,90.84,25.53,1463.8,36342.62
2017,11,17,2.7175,14.59,91.22,25.63,1454.42,36109.62
2017,11,18,4.7479,3.09,88.38,26.21,1497.43,37177.59
2017,11,19,3.5078,10.48,94.62,25.16,1455.94,36147.43
2017,11,20,4.0694,1.81,89.19,25.93,1481.11,36772.38
2017,11,21,4.2209,3.13,88.91,25.61,1476.35,36654.27
2017,11,22,3.9689,8.98,91.27,25.77,1476.11,36648.13
2017,11,23,3.5081,9.44,89.43,25.46,1462.48,36309.81
2017,11,24,2.4653,41.14,91.0,25.66,1451.31,36032.48
2017,11,25,3.8486,18.06,91.26,25.92,1477.59,36685.0
2017,11,26,4.2182,3.51,89.77,25.64,1476.97,36669.62
2017,11,27,4.6366,5.16,89.2,25.39,1477.69,36687.48
2017,11,28,4.4614,2.68,88.26,25.42,1475.75,36639.35
2017,11,29,3.3737,11.78,89.13,25.82,1468.32,36454.74
2017,11,30,2.7331,15.27,95.12,25.69,1455.94,36147.58
2017,12,1,3.4658,16.97,92.16,25.75,1476.92,36668.42
2017,12,2,3.6665,6.85,90.67,25.85,1482.13,36797.66
2017,12,3,4.2046,2.48,89.43,25.88,1490.87,37014.79
2017,12,4,4.5199,3.69,88.57,25.71,1491.85,37038.97
2017,12,5,2.4427,13.68,89.87,25.09,1447.27,35932.17
2017,12,6,2.6165,22.87,90.13,24.72,1441.81,35796.75
2017,12,7,2.838,18.75,91.34,25.28,1457.28,36180.62
2017,12,8,2.6976,20.72,91.63,25.59,1461.92,36296.0
2017,12,9,3.0389,10.65,89.77,25.42,1463.32,36330.73
2017,12,10,3.1601,14.6,89.66,25.16,1459.45,36234.67
2017,12,11,1.878,35.9,90.32,24.98,1436.51,35665.07
2017,12,12,1.7256,36.84,94.38,23.95,1412.08,35058.64
2017,12,13,2.8301,16.16,90.9,24.71,1444.75,35869.68
2017,12,14,3.0257,5.05,87.92,23.8,1427.79,35448.65
2017,12,15,3.5854,0.16,84.2,22.65,1410.72,35024.8
2017,12,16,2.0366,10.15,89.48,22.41,1383.38,34345.91
2017,12,17,2.1463,21.96,89.91,23.36,1405.47,34894.52
2017,12,18,1.2984,50.76,94.81,24.18,1410.78,35026.15
2017,12,19,2.8538,45.04,93.06,24.79,1446.84,35921.61
2017,12,20,3.0214,19.7,92.46,24.66,1446.49,35912.74
2017,12,21,2.555,30.97,90.57,24.15,1428.53,35467.04
2017,12,22,2.7917,6.47,90.3,24.32,1435.7,35644.92
2017,12,23,2.1223,16.56,92.82,24.84,1437.11,35679.9
2017,12,24,3.8402,5.73,90.45,25.63,1479.9,36742.33
2017,12,25,4.1532,4.04,90.0,25.23,1475.76,36639.6
2017,12,26,2.2044,19.12,92.38,24.95,1440.7,35769.13
2017,12,27,1.5674,25.07,93.32,24.8,1428.04,35454.71
2017,12,28,3.3324,2.94,89.75,24.13,1439.48,35738.81
2017,12,29,3.0778,0.23,85.63,23.67,1425.71,35397.06
2017,12,30,3.3878,0.34,83.18,22.83,1411.83,35052.42
2017,12,31,3.5813,0.89,86.2,23.2,1422.73,35322.84
2018,1,1,2.5646,2.3,88.31,23.19,1517.45,37674.65
2018,1,2,2.1204,2.63,86.74,23.22,1511.24,37520.47
2018,1,3,2.501,18.71,89.88,23.12,1514.83,37609.45
2018,1,4,3.2328,5.19,90.65,24.26,1553.05,38558.48
2018,1,5,3.6744,1.07,89.74,24.79,1572.57,39043.19
2018,1,6,3.7908,0.24,88.76,24.36,1564.24,38836.33
2018,1,7,2.7518,4.96,88.95,25.01,1563.03,38806.18
2018,1,8,3.8911,2.92,92.09,25.22,1586.22,39382.12
2018,1,9,4.722,0.32,87.59,25.32,1601.94,39772.39
2018,1,10,4.0354,0.86,88.07,24.93,1581.65,39268.58
2018,1,11,2.4888,12.11,89.36,23.34,1519.78,37732.44
2018,1,12,2.7048,4.79,86.31,21.75,1485.89,36891.1
2018,1,13,3.2916,6.67,86.24,21.45,1487.74,36937.1
2018,1,14,3.3079,2.36,86.11,22.58,1514.63,37604.63
2018,1,15,4.0642,1.28,87.55,23.08,1538.16,38188.84
2018,1,16,2.4166,35.95,91.25,24.31,1541.31,38267.11
2018,1,17,1.9922,17.6,95.12,24.26,1533.44,38071.52
2018,1,18,4.1674,11.05,90.97,25.2,1590.18,39480.34
2018,1,19,3.4805,0.71,86.91,24.14,1554.13,38585.35
2018,1,20,4.5634,1.46,87.47,24.11,1570.51,38991.85
2018,1,21,4.1038,4.68,89.67,24.42,1570.62,38994.78
2018,1,22,4.213,1.29,88.72,24.31,1569.74,38972.77
2018,1,23,4.645,0.39,86.01,24.89,1590.43,39486.57
2018,1,24,2.9381,9.32,90.14,24.73,1559.43,38716.87
2018,1,25,4.0817,2.42,88.93,24.11,1562.91,38803.21
2018,1,26,3.7589,24.87,91.47,24.97,1578.18,39182.47
2018,1,27,1.3214,31.96,93.86,24.17,1520.75,37756.6
2018,1,28,2.2834,7.48,89.91,23.47,1519.61,37728.24
2018,1,29,4.5276,0.8,85.88,24.11,1569.94,38977.83
2018,1,30,3.2693,1.9,89.2,23.8,1542.79,38303.67
2018,1,31,3.0055,5.36,88.61,23.84,1539.59,38224.19
2018,2,1,4.9229,1.18,86.53,24.43,1593.29,39557.55
2018,2,2,4.2677,2.68,86.44,24.5,1584.52,39339.79
2018,2,3,3.4176,1.52,86.94,23.81,1554.57,38596.17
2018,2,4,4.1179,1.95,86.83,23.53,1558.93,38704.58
2018,2,5,4.5022,3.36,85.7,22.94,1550.82,38503.02
2018,2,6,5.1566,3.45,86.03,22.04,1539.27,38216.36
2018,2,7,3.57,5.17,87.34,22.91,1535.57,38124.59
2018,2,8,4.8223,1.33,84.57,23.59,1571.46,39015.51
2018,2,9,5.5392,0.02,80.14,24.65,1608.45,39934.01
2018,2,10,3.7457,0.02,76.63,25.42,1598.1,39677.04
2018,2,11,3.7099,0.69,83.74,25.08,1589.43,39461.64
2018,2,12,3.785,3.42,86.41,24.48,1576.34,39136.66
2018,2,13,3.2366,3.25,86.21,23.25,1538.44,38195.69
2018,2,14,2.4274,10.56,89.31,23.73,1537.05,38161.16
2018,2,15,4.5758,3.11,88.9,24.97,1600.73,39742.2
2018,2,16,5.5942,0.07,84.16,25.75,1636.03,40618.61
2018,2,17,6.0444,0.09,83.88,25.37,1634.09,40570.42
2018,2,18,5.1701,1.43,85.54,25.33,1618.98,40195.38
2018,2,19,5.9954,0.03,82.2,24.43,1610.39,39982.13
2018,2,20,4.8101,1.05,85.09,25.03,1605.94,39871.58
2018,2,21,4.3008,7.31,86.21,25.16,1600.86,39745.45
2018,2,22,6.1788,0.6,83.08,25.1,1629.67,40460.76
2018,2,23,5.5718,0.11,81.47,24.76,1611.64,40013.22
2018,2,24,5.8596,3.13,81.18,24.69,1614.55,40085.44
2018,2,25,2.9938,5.64,86.64,25.07,1577.66,39169.49
2018,2,26,4.2588,5.82,87.41,24.97,1595.63,39615.68
2018,2,27,2.7564,19.92,88.08,25.07,1573.84,39074.6
2018,2,28,5.2294,7.7,86.93,25.62,1626.95,40393.27
2018,3,1,5.2848,5.16,85.85,25.91,1940.58,48179.91
2018,3,2,5.8145,2.21,83.87,25.8,1947.65,48355.55
2018,3,3,4.3558,0.94,85.62,26.1,1928.01,47867.8
2018,3,4,5.2058,0.09,81.4,25.64,1931.3,47949.61
2018,3,5,6.5966,0.44,83.27,25.49,1953.75,48506.78
2018,3,6,6.1562,0.57,83.12,26.02,1960.63,48677.66
2018,3,7,5.6078,0.86,82.24,25.85,1945.1,48292.17
2018,3,8,4.2024,13.9,85.53,25.43,1906.0,47321.36
2018,3,9,3.0845,20.85,86.07,24.36,1854.47,46041.97
2018,3,10,3.6086,13.95,85.64,23.53,1840.94,45706.11
2018,3,11,4.3586,4.23,81.34,23.12,1843.28,45764.13
2018,3,12,4.5154,1.36,81.25,23.41,1854.45,46041.52
2018,3,13,5.2992,0.09,79.49,24.03,1886.86,46846.26
2018,3,14,6.4951,0.64,80.01,24.24,1915.46,47556.35
2018,3,15,6.3142,0.27,82.03,25.02,1934.68,48033.41
2018,3,16,5.305,2.11,83.28,26.01,1943.84,48260.92
2018,3,17,5.1451,0.97,82.49,25.8,1934.72,48034.48
2018,3,18,5.515,0.52,80.22,25.41,1930.64,47933.2
2018,3,19,6.6619,0.05,78.51,25.38,1951.8,48458.45
2018,3,20,6.3235,0.01,75.65,26.27,1971.12,48938.26
2018,3,21,6.1591,4.54,79.98,25.8,1954.31,48520.84
2018,3,22,2.7934,10.08,85.07,24.44,1851.2,45960.94
2018,3,23,4.2974,3.53,80.36,23.26,1846.12,45834.77
2018,3,24,5.0263,0.11,73.07,23.46,1865.4,46313.45
2018,3,25,6.282,0.01,75.07,23.46,1888.82,46894.86
2018,3,26,5.9863,0.04,76.18,24.12,1902.39,47231.79
2018,3,27,5.1022,0.09,77.27,24.2,1888.03,46875.23
2018,3,28,5.8313,0.27,75.98,25.32,1934.12,48019.52
2018,3,29,5.3179,1.46,74.55,25.9,1940.93,48188.68
2018,3,30,5.293,6.91,82.01,25.19,1920.06,47670.47
2018,3,31,4.206,1.78,79.29,24.79,1887.89,46871.69
2018,4,1,5.5399,3.07,78.92,25.0,1930.63,47932.87
2018,4,2,5.641,5.43,82.65,25.46,1945.91,48312.14
2018,4,3,4.4458,6.95,83.01,25.41,1921.36,47702.84
2018,4,4,3.7567,3.55,81.36,25.75,1917.72,47612.41
2018,4,5,5.0758,2.69,80.05,25.52,1936.71,48083.76
2018,4,6,7.0226,0.14,75.54,25.82,1983.2,49238.03
2018,4,7,6.235,3.1,79.08,25.55,1960.02,48662.45
2018,4,8,3.9542,6.12,81.51,25.08,1902.46,47233.5
2018,4,9,3.2614,11.46,83.97,25.58,1903.29,47254.15
2018,4,10,5.2445,7.0,84.23,26.33,1963.36,48745.49
2018,4,11,5.809,5.68,82.87,26.69,1984.87,49279.52
2018,4,12,6.0662,2.73,82.23,26.92,1996.63,49571.48
2018,4,13,5.8978,2.45,82.46,26.97,1994.76,49524.96
2018,4,14,6.7073,0.97,79.88,27.15,2016.03,50053.22
2018,4,15,6.5911,1.15,78.22,27.41,2021.34,50184.93
2018,4,16,6.5786,0.27,77.29,27.03,2009.97,49902.71
2018,4,17,7.229,0.03,76.02,26.59,2009.88,49900.57
2018,4,18,6.1133,0.15,77.18,26.55,1986.78,49327.04
2018,4,19,6.9394,0.58,77.41,26.71,2007.71,49846.68
2018,4,20,6.9463,0.07,76.4,27.22,2022.83,50221.87
2018,4,21,7.1244,0.23,75.1,27.79,2043.13,50725.9
2018,4,22,5.9107,0.13,74.83,27.83,2020.01,50151.91
2018,4,23,6.4025,0.75,76.93,27.71,2026.35,50309.31
2018,4,24,6.5789,1.78,74.22,28.21,2044.5,50760.04
2018,4,25,6.6866,1.84,72.43,28.12,2044.03,50748.41
2018,4,26,6.7634,2.01,75.25,27.6,2030.33,50408.31
2018,4,27,6.6151,2.22,77.22,27.49,2024.16,50254.92
2018,4,28,6.6463,0.56,75.82,27.96,2038.54,50612.0
2018,4,29,6.4193,1.04,74.56,28.02,2035.74,50542.48
2018,4,30,7.1035,0.36,73.13,27.94,2047.12,50825.04
2018,5,1,5.513,14.5,86.06,26.87,1937.75,48109.58
2018,5,2,7.0337,1.09,79.19,27.76,1992.61,49471.64
2018,5,3,5.4862,1.35,80.37,27.47,1954.19,48517.81
2018,5,4,5.8759,2.13,79.21,27.61,1965.74,48804.6
2018,5,5,1.9913,13.55,89.66,26.29,1854.03,46031.08
2018,5,6,6.2767,0.89,77.35,27.97,1983.81,49253.13
2018,5,7,6.8482,0.93,74.58,28.48,2009.61,49893.82
2018,5,8,6.9122,1.98,70.37,29.21,2031.8,50444.73
2018,5,9,7.2211,1.69,73.25,28.2,2008.92,49876.61
2018,5,10,6.2278,2.26,79.15,27.29,1963.49,48748.63
2018,5,11,5.898,2.38,78.33,27.67,1967.87,48857.57
2018,5,12,6.5962,6.59,77.49,27.93,1988.92,49380.13
2018,5,13,6.9559,2.82,76.63,28.07,1999.98,49654.64
2018,5,14,6.2249,5.19,77.9,27.86,1979.66,49150.18
2018,5,15,5.051,5.86,87.0,27.3,1940.94,48188.9
2018,5,16,6.3614,3.53,82.04,27.66,1976.63,49074.88
2018,5,17,7.1042,1.59,75.78,28.26,2008.34,49862.35
2018,5,18,5.9916,0.85,76.21,27.57,1966.86,48832.36
2018,5,19,5.5159,1.05,77.47,27.75,1962.68,48728.7
2018,5,20,5.3234,6.41,79.95,27.79,1960.05,48663.41
2018,5,21,5.376,4.74,76.82,28.32,1976.05,49060.45
2018,5,22,5.6294,3.99,75.03,28.52,1986.7,49324.86
2018,5,23,6.8638,3.8,76.53,28.31,2005.05,49780.52
2018,5,24,5.1151,7.08,81.14,27.86,1957.96,48611.31
2018,5,25,5.4377,7.51,84.2,27.35,1949.86,48410.22
2018,5,26,5.575,3.2,76.3,28.88,1995.81,49551.05
2018,5,27,6.713,1.93,75.15,28.91,2019.25,50133.03
2018,5,28,6.775,2.2,77.37,28.7,2014.47,50014.32
2018,5,29,6.0228,2.11,77.82,28.4,1991.05,49433.02
2018,5,30,4.0632,10.62,87.83,27.11,1916.48,47581.68
2018,5,31,4.6985,2.85,81.24,27.94,1952.05,48464.73
2018,6,1,5.9873,4.02,81.96,27.98,1855.36,46064.05
2018,6,2,4.1268,10.86,85.77,27.13,1798.95,44663.57
2018,6,3,6.0276,3.7,81.99,27.33,1838.78,45652.35
2018,6,4,6.4783,0.81,71.3,29.14,1895.43,47058.96
2018,6,5,5.6659,6.68,78.44,28.58,1865.39,46313.02
2018,6,6,2.1588,18.54,82.15,27.52,1773.23,44025.02
2018,6,7,3.3874,18.27,92.13,26.48,1768.66,43911.58
2018,6,8,2.9021,14.19,88.55,26.27,1754.51,43560.34
2018,6,9,1.5593,71.14,93.39,26.21,1728.92,42924.93
2018,6,10,2.1514,21.65,92.28,26.55,1748.24,43404.48
2018,6,11,2.6352,28.4,92.9,26.11,1745.61,43339.27
2018,6,12,3.0838,23.81,93.48,26.26,1757.51,43634.76
2018,6,13,2.9868,29.01,93.63,26.14,1752.67,43514.6
2018,6,14,3.9437,12.62,91.17,26.29,1773.7,44036.74
2018,6,15,4.7897,9.94,88.48,26.75,1800.98,44713.91
2018,6,16,4.9891,5.4,86.79,26.9,1808.53,44901.48
2018,6,17,5.0556,3.22,90.21,26.51,1799.44,44675.78
2018,6,18,5.5522,1.02,88.5,26.47,1807.31,44871.17
2018,6,19,6.6062,0.13,85.15,26.66,1831.35,45467.96
2018,6,20,5.0112,7.1,89.0,26.0,1785.19,44321.9
2018,6,21,5.3767,23.82,92.62,25.52,1779.0,44168.33
2018,6,22,5.7372,15.61,84.04,26.56,1813.03,45013.11
2018,6,23,6.4517,11.84,84.74,26.47,1823.48,45272.57
2018,6,24,5.2063,10.36,82.54,26.74,1808.23,44894.01
2018,6,25,4.4611,11.59,86.52,26.11,1778.25,44149.77
2018,6,26,2.2246,17.65,88.33,25.73,1728.52,42915.04
2018,6,27,5.0734,2.06,87.78,26.02,1786.83,44362.58
2018,6,28,6.4286,0.45,84.88,26.37,1820.39,45195.84
2018,6,29,6.4718,0.14,84.46,26.67,1829.19,45414.46
2018,6,30,4.3284,2.45,86.76,26.31,1781.12,44220.97
2018,7,1,4.4772,4.35,87.49,26.18,1791.0,44466.16
2018,7,2,5.4502,2.47,85.96,26.35,1813.05,45013.59
2018,7,3,5.6501,2.4,87.6,26.11,1810.25,44944.02
2018,7,4,5.5627,4.3,89.66,25.89,1802.8,44759.23
2018,7,5,5.873,0.9,88.81,26.05,1812.65,45003.68
2018,7,6,5.6383,3.96,86.37,26.56,1822.05,45237.12
2018,7,7,4.7465,22.11,91.65,26.09,1793.46,44527.39
2018,7,8,3.1774,25.29,90.8,25.98,1762.39,43755.78
2018,7,9,4.7926,12.44,90.43,25.94,1790.32,44449.35
2018,7,10,4.3512,7.06,91.87,25.52,1771.33,43977.82
2018,7,11,4.2626,7.47,94.3,25.83,1777.91,44141.34
2018,7,12,4.1345,8.86,95.23,25.64,1770.62,43960.28
2018,7,13,4.9834,12.52,89.86,25.95,1794.01,44540.92
2018,7,14,4.6567,23.8,92.37,25.96,1788.41,44401.95
2018,7,15,4.2408,11.18,93.06,26.1,1784.63,44308.18
2018,7,16,3.7913,18.74,93.74,25.68,1765.54,43834.12
2018,7,17,1.5859,60.3,95.14,25.49,1721.26,42734.67
2018,7,18,1.9186,17.9,93.69,25.45,1726.16,42856.33
2018,7,19,3.5738,33.3,92.26,25.96,1768.98,43919.46
2018,7,20,2.7943,20.19,92.03,25.85,1752.13,43501.28
2018,7,21,3.4879,18.55,91.81,26.17,1772.93,44017.45
2018,7,22,2.6335,44.07,93.48,26.17,1757.54,43635.59
2018,7,23,3.978,20.74,94.51,25.58,1766.25,43851.75
2018,7,24,3.0852,2.24,92.83,25.48,1747.72,43391.58
2018,7,25,5.1578,7.33,87.55,25.64,1788.9,44414.05
2018,7,26,4.2835,6.25,85.41,25.41,1767.22,43875.9
2018,7,27,3.6914,7.72,86.71,25.62,1762.18,43750.78
2018,7,28,4.4093,11.96,90.97,25.64,1775.53,44082.13
2018,7,29,5.2488,16.07,88.89,26.08,1802.23,44745.01
2018,7,30,5.3921,11.19,89.65,26.07,1804.54,44802.36
2018,7,31,5.7638,9.92,88.38,26.41,1820.31,45193.95
2018,8,1,5.2759,5.7,91.44,26.35,1820.63,45201.9
2018,8,2,5.4662,9.7,91.86,25.88,1811.48,44974.74
2018,8,3,5.3234,7.02,89.41,25.49,1798.46,44651.51
2018,8,4,5.4953,7.54,90.56,25.62,1805.03,44814.6
2018,8,5,4.495,1.34,90.04,25.59,1786.27,44348.75
2018,8,6,5.2272,11.21,89.07,25.76,1803.96,44788.04
2018,8,7,4.2595,5.6,89.12,25.95,1791.58,44480.6
2018,8,8,3.6919,3.79,92.93,25.54,1770.53,43958.07
2018,8,9,3.2045,6.54,93.6,25.33,1756.28,43604.3
2018,8,10,2.4552,8.37,94.07,25.61,1750.17,43452.45
2018,8,11,1.2274,48.22,93.55,25.21,1717.84,42649.91
2018,8,12,2.0273,39.48,92.26,25.62,1742.74,43268.09
2018,8,13,2.5068,13.26,89.79,25.82,1756.56,43611.16
2018,8,14,3.7154,4.81,89.45,25.86,1779.39,44177.89
2018,8,15,4.1604,2.03,89.03,25.94,1789.53,44429.62
2018,8,16,5.0455,17.0,89.99,25.84,1802.83,44759.89
2018,8,17,4.2134,7.02,92.08,25.82,1787.3,44374.46
2018,8,18,4.5408,6.22,92.59,25.51,1784.97,44316.39
2018,8,19,4.0934,10.38,91.1,25.74,1783.03,44268.25
2018,8,20,3.4236,6.78,91.24,25.75,1771.24,43975.55
2018,8,21,4.4894,7.44,91.11,25.96,1795.99,44590.22
2018,8,22,4.842,3.95,88.91,26.15,1807.42,44873.97
2018,8,23,5.0081,1.41,87.66,26.36,1816.04,45087.81
2018,8,24,4.2881,9.89,88.65,26.16,1797.66,44631.6
2018,8,25,3.323,6.06,90.75,25.73,1768.9,43917.57
2018,8,26,2.9095,2.98,90.33,25.45,1754.15,43551.19
2018,8,27,4.7294,2.37,88.4,26.01,1801.66,44730.83
2018,8,28,5.4658,0.86,83.51,26.4,1825.42,45320.79
2018,8,29,5.7545,0.1,78.44,26.88,1843.58,45771.54
2018,8,30,5.6138,6.97,79.53,27.23,1850.4,45941.01
2018,8,31,4.6061,14.25,84.17,26.24,1805.55,44827.36
2018,9,1,4.531,29.77,84.82,26.38,1653.24,41045.87
2018,9,2,4.9226,11.46,83.47,27.15,1678.52,41673.66
2018,9,3,5.1502,14.09,93.0,25.08,1631.74,40512.19
2018,9,4,5.0851,7.9,90.58,25.14,1632.15,40522.25
2018,9,5,5.0947,7.65,87.83,25.7,1645.99,40865.84
2018,9,6,3.1951,26.28,83.24,26.45,1632.72,40536.61
2018,9,7,3.6888,25.18,89.08,25.35,1614.43,40082.51
2018,9,8,5.6645,5.92,85.3,26.18,1667.15,41391.31
2018,9,9,5.6558,0.84,87.31,26.14,1666.02,41363.33
2018,9,10,5.0993,6.5,89.95,25.88,1650.46,40976.91
2018,9,11,5.0748,4.06,87.66,26.21,1658.12,41167.03
2018,9,12,5.1694,17.2,89.31,25.53,1643.06,40793.13
2018,9,13,5.6542,4.86,84.79,26.76,1681.23,41740.88
2018,9,14,1.1496,37.32,94.41,25.7,1581.11,39255.17
2018,9,15,1.4189,23.77,91.75,25.38,1578.01,39178.12
2018,9,16,3.6127,17.58,90.59,26.12,1631.72,40511.79
2018,9,17,3.8539,3.67,87.64,26.16,1636.68,40634.84
2018,9,18,4.6867,4.89,88.76,25.76,1640.74,40735.51
2018,9,19,2.9611,10.7,91.87,25.57,1607.79,39917.57
2018,9,20,4.3896,20.5,90.13,26.35,1650.16,40969.49
2018,9,21,5.6359,8.71,87.39,26.54,1675.52,41599.11
2018,9,22,6.395,0.96,82.82,26.53,1687.91,41906.75
2018,9,23,6.4279,0.84,77.58,27.51,1712.72,42522.75
2018,9,24,6.4572,3.45,79.92,27.43,1711.24,42485.84
2018,9,25,6.0967,1.09,88.21,26.25,1676.04,41611.91
2018,9,26,5.3887,9.19,87.53,26.49,1670.18,41466.51
2018,9,27,5.0434,3.02,87.02,26.48,1664.19,41317.81
2018,9,28,4.7342,0.22,85.41,26.58,1661.48,41250.56
2018,9,29,5.7038,0.02,83.78,26.51,1675.91,41608.87
2018,9,30,5.8337,0.46,83.28,26.61,1680.54,41723.65
2018,10,1,5.4497,3.08,78.92,27.6,1658.6,41179.14
2018,10,2,3.6007,14.86,91.22,25.93,1588.82,39446.6
2018,10,3,4.5998,11.64,83.92,25.21,1587.83,39421.89
2018,10,4,5.2565,3.87,83.31,25.93,1615.5,40109.03
2018,10,5,5.5714,0.0,80.44,25.73,1615.78,40115.96
2018,10,6,5.4749,5.06,76.19,26.86,1641.3,40749.43
2018,10,7,5.5394,5.22,87.1,25.97,1621.02,40246.01
2018,10,8,5.5932,4.52,86.39,26.01,1622.85,40291.36
2018,10,9,5.4029,3.57,85.33,26.35,1627.91,40417.17
2018,10,10,5.5068,9.37,86.46,26.2,1626.0,40369.77
2018,10,11,5.4175,3.81,84.89,26.51,1631.98,40518.14
2018,10,12,5.6844,0.43,85.26,26.6,1638.48,40679.46
2018,10,13,5.556,0.91,86.07,26.49,1633.75,40562.12
2018,10,14,4.3325,6.92,89.55,26.21,1607.24,39903.98
2018,10,15,4.7218,5.43,89.96,25.59,1598.8,39694.45
2018,10,16,5.3664,3.33,86.47,26.02,1619.43,40206.46
2018,10,17,5.9078,4.94,83.02,26.64,1643.08,40793.61
2018,10,18,5.6537,3.57,85.01,26.25,1629.58,40458.56
2018,10,19,5.6467,1.26,84.96,26.21,1628.51,40431.92
2018,10,20,4.741,7.82,86.57,26.12,1611.71,40014.95
2018,10,21,3.3658,15.24,89.15,25.72,1580.11,39230.37
2018,10,22,5.1067,2.03,84.08,25.69,1607.36,39906.9
2018,10,23,5.9597,0.05,81.96,25.63,1619.61,40211.1
2018,10,24,5.0518,0.54,84.0,25.6,1604.33,39831.73
2018,10,25,5.424,1.75,84.82,25.49,1607.67,39914.52
2018,10,26,5.6738,0.94,83.08,25.7,1616.71,40138.93
2018,10,27,4.5137,0.23,82.27,26.05,1606.38,39882.54
2018,10,28,4.8055,1.39,81.66,25.46,1597.05,39650.97
2018,10,29,4.3656,0.5,80.67,22.76,1526.06,37888.38
2018,10,30,1.2422,25.58,92.42,25.02,1529.94,37984.71
2018,10,31,5.0743,8.19,86.73,26.44,1624.73,40338.2
2018,11,1,5.3858,1.81,86.27,26.51,1559.19,38710.96
2018,11,2,5.1982,0.85,86.73,26.28,1551.03,38508.27
2018,11,3,4.6666,1.54,88.82,25.99,1536.21,38140.48
2018,11,4,4.8902,1.86,86.2,26.02,1540.34,38243.0
2018,11,5,4.68,5.51,88.31,25.5,1525.29,37869.34
2018,11,6,4.6687,3.78,86.46,26.0,1536.47,38146.92
2018,11,7,3.9787,7.1,87.77,25.59,1516.59,37653.29
2018,11,8,5.3299,2.76,85.11,25.08,1525.64,37877.9
2018,11,9,3.0626,12.48,87.95,25.13,1492.28,37049.65
2018,11,10,3.8129,3.7,83.86,24.61,1491.99,37042.49
2018,11,11,4.4779,0.89,82.81,24.85,1507.47,37426.82
2018,11,12,4.871,3.95,84.58,25.19,1521.16,37766.79
2018,11,13,4.9548,2.62,86.15,25.9,1538.61,38199.88
2018,11,14,5.6407,2.73,84.89,25.42,1538.16,38188.78
2018,11,15,4.8067,0.39,84.49,25.41,1525.19,37866.67
2018,11,16,5.0179,0.14,82.85,25.42,1528.64,37952.45
2018,11,17,4.9483,0.07,81.8,25.31,1525.07,37863.86
2018,11,18,4.0246,2.53,85.76,25.36,1512.11,37541.93
2018,11,19,4.973,0.37,82.56,25.09,1520.44,37748.81
2018,11,20,2.8399,1.21,83.98,24.96,1485.1,36871.43
2018,11,21,1.0925,14.33,92.22,24.66,1452.01,36049.86
2018,11,22,3.7915,12.68,91.54,25.91,1520.92,37760.89
2018,11,23,3.9331,2.94,86.63,25.63,1516.79,37658.33
2018,11,24,4.3745,3.67,86.84,25.03,1509.98,37489.1
2018,11,25,2.8174,6.46,86.93,24.81,1481.42,36779.96
2018,11,26,5.1286,0.06,82.45,25.01,1520.98,37762.26
2018,11,27,5.1535,0.15,82.79,24.94,1519.76,37731.99
2018,11,28,3.2923,6.45,86.37,25.03,1493.53,37080.84
2018,11,29,3.6218,11.61,88.4,25.34,1505.51,37378.07
2018,11,30,3.0149,7.56,86.5,24.86,1485.52,36881.94
2018,12,1,3.5604,5.8,86.03,24.84,1502.25,37297.19
2018,12,2,3.2323,10.18,86.56,25.05,1501.97,37290.4
2018,12,3,5.2718,3.22,85.36,25.12,1534.77,38104.57
2018,12,4,2.4074,9.43,91.02,25.62,1502.09,37293.18
2018,12,5,3.6134,2.54,91.26,25.51,1518.2,37693.18
2018,12,6,4.2946,0.7,84.81,25.68,1532.55,38049.61
2018,12,7,3.9934,4.43,86.39,25.47,1523.14,37815.9
2018,12,8,4.4537,1.74,84.6,25.32,1526.8,37906.85
2018,12,9,3.6319,1.55,85.9,25.35,1514.87,37610.46
2018,12,10,4.1496,4.54,87.3,25.23,1520.09,37740.17
2018,12,11,3.7656,3.26,86.56,25.39,1517.82,37683.92
2018,12,12,4.7455,0.96,83.06,25.04,1524.88,37859.16
2018,12,13,2.4434,18.01,88.05,25.39,1497.51,37179.44
2018,12,14,2.0086,35.5,91.8,24.89,1479.71,36737.55
2018,12,15,2.8798,4.84,86.69,24.49,1484.02,36844.71
2018,12,16,2.6945,4.89,87.74,24.62,1484.12,36847.22
2018,12,17,3.6859,0.33,82.09,24.54,1497.38,37176.22
2018,12,18,3.6521,1.77,84.38,24.39,1493.47,37079.29
2018,12,19,3.4848,5.0,84.38,24.04,1483.04,36820.28
2018,12,20,2.6506,0.34,85.79,24.01,1469.81,36491.73
2018,12,21,2.7163,11.25,90.36,24.82,1488.93,36966.64
2018,12,22,3.3439,8.9,88.4,25.32,1509.77,37483.85
2018,12,23,0.5558,77.13,94.89,24.39,1446.6,35915.52
2018,12,24,1.795,27.2,90.83,24.91,1476.89,36667.68
2018,12,25,3.9154,4.48,89.24,25.17,1515.14,37617.26
2018,12,26,3.8354,2.91,88.05,25.18,1514.14,37592.46
2018,12,27,3.7466,0.49,85.84,24.93,1507.12,37418.22
2018,12,28,1.7054,49.53,92.56,23.79,1450.7,36017.46
2018,12,29,0.75,68.53,89.43,23.17,1422.77,35323.84
2018,12,30,1.021,66.61,93.01,23.86,1441.98,35800.8
2018,12,31,1.3102,39.11,92.69,23.81,1445.22,35881.23
2019,1,1,3.2657,30.14,92.74,24.53,1605.48,39860.15
2019,1,2,3.7337,6.18,89.95,24.35,1608.74,39941.08
2019,1,3,3.6523,9.4,90.57,24.51,1611.31,40004.88
2019,1,4,4.0534,2.42,87.81,23.66,1597.08,39651.6
2019,1,5,4.1501,0.79,88.39,23.78,1601.57,39763.22
2019,1,6,4.0699,1.13,87.65,23.6,1595.88,39621.78
2019,1,7,4.1376,1.28,87.12,23.16,1586.2,39381.56
2019,1,8,4.7681,0.66,86.63,23.56,1606.14,39876.56
2019,1,9,3.6173,5.38,88.81,23.81,1593.7,39567.67
2019,1,10,4.0138,7.93,88.61,23.8,1599.86,39720.69
2019,1,11,4.4748,3.16,87.75,23.87,1609.03,39948.3
2019,1,12,3.9672,1.71,86.78,23.76,1598.13,39677.74
2019,1,13,2.819,3.35,88.51,23.72,1578.62,39193.43
2019,1,14,5.0234,1.15,85.28,23.3,1603.83,39819.25
2019,1,15,5.0395,1.25,83.55,23.38,1606.06,39874.7
2019,1,16,4.5722,1.25,84.56,22.79,1584.06,39328.45
2019,1,17,4.5346,0.11,83.23,22.96,1587.64,39417.28
2019,1,18,4.7215,0.2,82.05,22.77,1585.95,39375.19
2019,1,19,4.6987,0.74,83.32,23.1,1593.7,39567.8
2019,1,20,4.2233,0.69,85.93,23.56,1597.37,39658.81
2019,1,21,2.9794,1.64,85.92,23.77,1582.42,39287.72
2019,1,22,3.8294,1.71,85.54,23.92,1599.81,39719.39
2019,1,23,2.9184,6.69,87.07,23.78,1581.68,39269.26
2019,1,24,3.5436,4.49,86.78,23.62,1587.89,39423.37
2019,1,25,3.7754,0.53,83.7,23.26,1582.84,39298.21
2019,1,26,3.2419,1.62,82.0,22.4,1553.44,38568.23
2019,1,27,3.8974,1.74,79.86,21.4,1539.4,38219.55
2019,1,28,3.4471,1.39,80.68,21.27,1529.23,37967.11
2019,1,29,3.6595,1.77,79.42,21.0,1525.96,37885.79
2019,1,30,3.7778,1.86,83.76,22.1,1554.6,38597.03
2019,1,31,3.6948,3.18,87.09,23.24,1581.07,39254.05
2019,2,1,4.0195,3.02,81.76,22.58,1579.5,39215.22
2019,2,2,3.259,1.36,85.05,22.82,1573.23,39059.41
2019,2,3,4.3243,1.91,84.25,23.57,1608.78,39942.08
2019,2,4,4.7897,1.82,84.97,23.36,1611.11,40000.05
2019,2,5,5.7324,0.0,82.52,23.05,1618.58,40185.44
2019,2,6,5.3554,0.0,82.08,23.15,1615.01,40096.9
2019,2,7,6.235,0.03,78.02,22.79,1620.12,40223.69
2019,2,8,5.7902,0.16,82.47,23.49,1630.52,40481.87
2019,2,9,5.8512,0.75,83.4,24.13,1647.53,40904.24
2019,2,10,3.595,4.46,86.24,24.6,1622.18,40274.8
2019,2,11,5.6566,0.91,81.84,24.19,1645.85,40862.54
2019,2,12,4.4515,2.66,83.6,23.69,1613.8,40066.79
2019,2,13,2.9719,9.45,85.57,23.83,1593.2,39555.25
2019,2,14,6.0686,0.38,81.04,23.4,1632.76,40537.61
2019,2,15,6.2969,0.01,79.09,23.37,1635.7,40610.45
2019,2,16,6.0266,0.0,80.06,23.61,1637.35,40651.55
2019,2,17,5.1845,0.3,81.02,23.87,1630.17,40473.27
2019,2,18,6.037,0.19,78.45,23.88,1644.3,40823.89
2019,2,19,6.0672,0.01,77.99,23.94,1646.29,40873.48
2019,2,20,5.8418,0.02,75.07,23.57,1633.36,40552.32
2019,2,21,5.7458,0.0,74.39,23.73,1635.8,40613.08
2019,2,22,5.0774,0.4,79.56,23.86,1628.18,40423.83
2019,2,23,5.1571,0.1,76.84,23.78,1627.49,40406.63
2019,2,24,6.031,0.21,77.8,23.79,1641.94,40765.42
2019,2,25,6.0713,0.0,75.91,24.36,1656.9,41136.81
2019,2,26,5.46,0.02,76.14,23.93,1636.15,40621.72
2019,2,27,4.9318,0.22,75.08,23.62,1619.86,40217.18
2019,2,28,4.7556,0.22,76.38,24.03,1627.16,40398.38
2019,3,1,5.8618,0.07,75.88,24.08,1954.33,48521.37
2019,3,2,6.6389,0.02,72.57,23.72,1958.61,48627.48
2019,3,3,5.946,0.0,68.29,25.4,1995.23,49536.86
2019,3,4,6.299,0.18,75.68,25.9,2017.14,50080.69
2019,3,5,4.3236,1.15,79.16,25.44,1964.34,48769.78
2019,3,6,5.8572,0.03,76.45,26.22,2017.85,50098.42
2019,3,7,5.6129,0.17,76.7,26.14,2010.59,49918.18
2019,3,8,6.5258,0.15,74.62,25.6,2012.68,49969.96
2019,3,9,6.8434,0.0,71.65,25.67,2021.08,50178.44
2019,3,10,6.4946,0.0,66.85,27.02,2054.53,51009.14
2019,3,11,6.6449,0.0,64.19,27.84,2082.14,51694.54
2019,3,12,5.677,0.12,66.75,27.69,2057.86,51091.79
2019,3,13,6.0214,0.24,70.23,26.72,2036.02,50549.57
2019,3,14,6.0482,1.94,70.94,26.65,2034.48,50511.22
2019,3,15,4.3469,10.52,77.55,26.2,1987.05,49333.68
2019,3,16,5.791,1.69,76.67,25.83,2004.94,49777.92
2019,3,17,5.8334,0.36,74.33,26.17,2015.89,50049.71
2019,3,18,6.4183,0.24,74.54,26.13,2026.39,50310.35
2019,3,19,5.5968,0.13,72.46,26.2,2012.05,49954.35
2019,3,20,6.6826,0.02,72.59,26.26,2035.57,50538.18
2019,3,21,6.4826,0.03,71.78,26.39,2035.45,50535.31
2019,3,22,6.7078,0.11,70.86,26.65,2047.76,50840.94
2019,3,23,5.8318,0.21,72.08,26.8,2034.58,50513.72
2019,3,24,6.8803,0.05,69.79,25.61,2020.01,50151.89
2019,3,25,6.4889,0.04,70.67,25.7,2014.94,50026.05
2019,3,26,5.7281,0.01,68.74,26.12,2012.3,49960.59
2019,3,27,5.189,0.07,72.41,26.74,2019.84,50147.71
2019,3,28,5.676,0.03,71.63,27.64,2056.36,51054.45
2019,3,29,6.3977,0.01,69.5,27.43,2064.83,51264.63
2019,3,30,6.2606,0.0,69.64,26.79,2042.93,50721.13
2019,3,31,6.397,0.17,71.93,26.8,2045.98,50796.87
2019,4,1,6.3802,1.54,72.88,26.48,2048.09,50849.02
2019,4,2,6.3031,0.47,70.49,26.42,2044.73,50765.61
2019,4,3,6.4656,2.26,72.23,26.53,2051.31,50929.19
2019,4,4,6.4022,1.29,72.78,26.83,2059.05,51121.27
2019,4,5,6.3408,1.81,71.65,27.44,2076.13,51545.3
2019,4,6,6.7147,0.11,68.19,28.38,2112.13,52439.2
2019,4,7,6.8746,0.01,64.79,29.29,2142.94,53203.96
2019,4,8,6.667,0.15,68.99,28.23,2106.62,52302.36
2019,4,9,5.31,9.1,80.58,27.71,2063.04,51220.34
2019,4,10,6.6053,1.98,78.65,27.58,2085.77,51784.53
2019,4,11,4.5528,2.84,79.16,27.68,2046.58,50811.72
2019,4,12,5.4132,4.02,76.54,28.38,2085.11,51768.2
2019,4,13,6.1654,5.18,76.29,28.48,2103.73,52230.46
2019,4,14,6.6787,0.65,68.17,28.7,2121.03,52660.11
2019,4,15,5.7329,0.76,70.54,28.08,2082.79,51710.6
2019,4,16,6.4896,0.23,68.18,29.06,2127.92,52831.09
2019,4,17,6.7538,4.81,65.11,29.9,2158.8,53597.71
2019,4,18,6.0679,9.89,69.34,29.51,2132.56,52946.31
2019,4,19,6.923,0.29,67.97,29.3,2144.26,53236.74
2019,4,20,7.4621,0.01,66.41,28.79,2140.11,53133.71
2019,4,21,7.0968,0.02,67.97,29.74,2161.23,53658.15
2019,4,22,7.067,0.03,66.86,28.84,2133.37,52966.39
2019,4,23,7.2338,0.01,68.74,28.33,2121.4,52669.2
2019,4,24,6.9564,0.25,71.37,28.59,2123.5,52721.39
2019,4,25,7.6836,0.04,65.68,28.51,2136.21,53036.96
2019,4,26,7.4398,0.12,67.81,28.07,2117.78,52579.29
2019,4,27,6.9379,0.0,65.6,27.57,2092.29,51946.54
2019,4,28,5.3381,2.69,73.59,27.61,2060.65,51160.84
2019,4,29,6.2988,0.36,72.0,28.0,2092.09,51941.46
2019,4,30,7.0913,0.0,64.41,29.04,2139.93,53129.28
2019,5,1,6.7183,1.06,62.66,30.01,2110.7,52403.68
2019,5,2,6.0907,7.69,71.07,29.34,2078.07,51593.52
2019,5,3,5.9748,14.28,71.41,29.44,2078.61,51606.95
2019,5,4,5.705,1.31,68.47,28.74,2052.65,50962.38
2019,5,5,6.0343,4.5,70.26,29.1,2069.89,51390.45
2019,5,6,4.1441,5.67,80.29,28.01,1999.88,49652.27
2019,5,7,4.8451,4.26,82.31,27.86,2009.69,49895.69
2019,5,8,4.5084,17.44,83.14,27.75,1999.74,49648.76
2019,5,9,5.8925,22.78,83.61,27.23,2012.37,49962.25
2019,5,10,6.2383,4.47,79.48,27.89,2038.61,50613.74
2019,5,11,5.3592,7.48,85.5,27.05,1996.5,49568.31
2019,5,12,5.8198,1.47,72.68,28.85,2058.2,51100.19
2019,5,13,6.5338,1.19,72.01,29.45,2090.41,51899.95
2019,5,14,6.9766,0.34,66.58,30.39,2127.28,52815.28
2019,5,15,6.7961,3.21,69.56,30.14,2116.15,52538.88
2019,5,16,7.1866,0.54,67.92,30.51,2135.21,53012.18
2019,5,17,5.8994,3.42,74.89,28.95,2062.75,51213.05
2019,5,18,6.3581,0.93,74.76,28.86,2069.48,51380.31
2019,5,19,6.5911,5.44,74.62,28.98,2077.77,51586.04
2019,5,20,5.9374,0.46,74.83,28.94,2063.23,51225.09
2019,5,21,5.1818,5.39,81.67,27.68,2011.24,49934.34
2019,5,22,5.6234,6.85,78.77,28.3,2038.17,50602.86
2019,5,23,5.8368,15.03,80.65,27.97,2032.86,50471.0
2019,5,24,5.0676,16.23,77.37,28.34,2028.07,50352.12
2019,5,25,4.2818,13.67,86.42,26.79,1967.6,48850.64
2019,5,26,4.2629,30.41,84.55,27.17,1978.14,49112.46
2019,5,27,5.3326,4.13,76.19,28.16,2028.21,50355.65
2019,5,28,6.3626,2.06,78.08,27.99,2044.05,50748.74
2019,5,29,5.3326,1.73,80.28,27.9,2020.66,50168.15
2019,5,30,6.5998,3.16,82.05,27.74,2041.48,50684.94
2019,5,31,5.694,1.92,86.4,27.22,2008.12,49856.71
2019,6,1,6.0821,3.72,86.06,27.43,1896.23,47078.75
2019,6,2,6.6787,2.03,82.67,28.08,1925.36,47802.1
2019,6,3,6.4718,6.84,86.68,27.8,1913.73,47513.32
2019,6,4,6.1788,6.06,85.1,27.9,1910.95,47444.32
2019,6,5,6.4409,3.38,84.12,27.64,1908.74,47389.45
2019,6,6,6.5894,1.69,81.76,27.65,1911.81,47465.67
2019,6,7,5.7194,0.88,81.34,28.02,1905.56,47310.37
2019,6,8,6.6012,1.09,79.24,28.48,1934.93,48039.6
2019,6,9,6.6202,2.15,77.62,29.3,1957.91,48610.26
2019,6,10,4.9649,8.67,84.14,27.88,1887.48,46861.63
2019,6,11,5.6873,3.82,83.69,28.12,1907.68,47363.16
2019,6,12,5.8531,0.4,81.58,28.46,1920.13,47672.29
2019,6,13,5.2651,7.44,85.57,27.89,1893.42,47009.12
2019,6,14,5.5282,9.81,82.93,27.75,1894.57,47037.6
2019,6,15,5.2457,4.91,86.06,27.69,1887.61,46864.88
2019,6,16,5.9136,2.15,84.1,27.86,1904.85,47292.76
2019,6,17,6.1085,4.4,83.86,28.26,1919.51,47656.71
2019,6,18,6.499,3.78,79.07,28.67,1938.22,48121.27
2019,6,19,5.7523,4.37,80.36,28.48,1918.76,47638.22
2019,6,20,6.2621,5.14,79.05,29.03,1943.59,48254.67
2019,6,21,6.5369,3.92,76.55,29.34,1957.41,48597.79
2019,6,22,6.54,6.06,73.21,30.08,1977.87,49105.76
2019,6,23,6.1058,12.01,82.41,28.66,1930.43,47928.04
2019,6,24,4.8941,13.28,87.74,27.26,1869.33,46410.97
2019,6,25,5.1146,8.43,83.78,27.32,1875.09,46553.9
2019,6,26,4.818,18.14,89.57,26.48,1846.77,45850.81
2019,6,27,3.8443,9.0,91.15,25.87,1812.38,44997.13
2019,6,28,4.5487,12.37,91.65,26.33,1837.73,45626.46
2019,6,29,3.4582,7.15,90.34,26.74,1828.56,45398.74
2019,6,30,4.1422,14.72,93.18,26.56,1836.42,45593.85
2019,7,1,2.6921,28.75,95.53,26.47,1817.95,45135.31
2019,7,2,2.9988,5.19,92.7,25.87,1807.6,44878.3
2019,7,3,6.4296,0.08,86.58,26.45,1886.95,46848.33
2019,7,4,6.2496,0.44,80.83,27.59,1915.12,47547.86
2019,7,5,6.0005,1.2,82.75,27.49,1907.65,47362.39
2019,7,6,5.8327,1.0,84.07,26.94,1889.34,46907.66
2019,7,7,6.4613,2.54,83.59,26.98,1902.22,47227.61
2019,7,8,5.808,1.92,87.04,26.51,1877.03,46602.24
2019,7,9,5.9726,0.46,84.88,26.76,1886.99,46849.5
2019,7,10,6.3636,1.52,87.29,26.42,1884.89,46797.23
2019,7,11,6.9055,1.17,78.77,28.13,1942.56,48229.01
2019,7,12,5.8618,3.3,80.48,27.78,1913.02,47495.69
2019,7,13,6.4512,4.79,79.39,28.05,1931.68,47958.97
2019,7,14,5.2687,7.82,87.42,26.51,1866.99,46352.93
2019,7,15,2.5404,7.62,78.53,26.69,1820.99,45210.72
2019,7,16,2.2711,17.4,87.35,24.93,1769.2,43925.06
2019,7,17,3.4135,8.54,89.52,25.71,1810.95,44961.44
2019,7,18,3.4402,12.66,91.94,26.35,1828.64,45400.84
2019,7,19,4.8526,3.48,87.17,27.15,1876.7,46593.9
2019,7,20,6.2508,0.33,83.53,27.43,1910.72,47438.57
2019,7,21,4.6447,13.53,86.13,26.87,1865.17,46307.7
2019,7,22,4.5043,19.77,84.88,27.28,1873.69,46519.09
2019,7,23,4.7256,10.46,87.54,26.7,1862.06,46230.34
2019,7,24,5.472,9.03,86.96,26.66,1874.89,46549.11
2019,7,25,4.9733,10.47,90.77,26.07,1849.48,45918.1
2019,7,26,6.0125,6.61,88.77,26.42,1878.36,46635.14
2019,7,27,4.121,17.64,87.16,26.22,1837.77,45627.45
2019,7,28,3.6079,14.46,90.75,25.22,1801.33,44722.63
2019,7,29,4.7371,9.46,89.2,25.24,1822.5,45248.29
2019,7,30,4.3222,16.81,90.24,25.55,1823.33,45268.84
2019,7,31,4.8154,6.07,91.29,25.53,1831.84,45480.09
2019,8,1,4.4746,14.84,91.11,26.31,1857.72,46122.77
2019,8,2,2.9597,38.49,92.16,26.04,1822.17,45239.96
2019,8,3,2.6177,39.67,94.72,25.48,1800.78,44709.14
2019,8,4,3.4066,9.84,93.49,25.84,1825.07,45312.1
2019,8,5,4.3944,13.88,94.31,26.06,1849.4,45916.09
2019,8,6,3.7094,13.42,94.35,25.69,1826.62,45350.54
2019,8,7,2.7504,9.84,93.38,26.35,1826.6,45349.99
2019,8,8,3.379,15.58,91.82,26.42,1840.24,45688.59
2019,8,9,2.5013,17.59,90.66,26.52,1826.5,45347.48
2019,8,10,4.0728,8.08,92.13,26.05,1843.14,45760.77
2019,8,11,3.9679,1.13,87.33,26.69,1858.59,46144.35
2019,8,12,3.8856,2.36,87.11,26.78,1859.49,46166.68
2019,8,13,3.8414,2.5,89.33,26.61,1854.04,46031.44
2019,8,14,5.075,0.72,87.13,27.06,1889.56,46913.11
2019,8,15,4.1412,0.19,87.87,26.72,1862.66,46245.44
2019,8,16,6.2314,0.64,87.71,26.72,1901.93,47220.44
2019,8,17,5.7396,0.38,87.34,26.89,1897.4,47107.85
2019,8,18,6.2594,0.75,89.74,26.25,1889.39,46908.88
2019,8,19,5.7055,3.08,89.12,26.52,1886.52,46837.74
2019,8,20,5.136,2.85,88.05,26.48,1874.75,46545.55
2019,8,21,4.4388,13.39,91.44,25.92,1846.4,45841.65
2019,8,22,3.4709,9.45,90.46,25.02,1804.08,44790.95
2019,8,23,3.1502,4.67,88.19,25.35,1807.1,44866.0
2019,8,24,3.2448,22.87,89.6,25.89,1823.42,45271.11
2019,8,25,4.135,11.73,89.79,26.42,1854.38,46039.69
2019,8,26,4.951,13.32,89.65,26.32,1866.89,46350.48
2019,8,27,1.9176,11.73,91.64,25.47,1787.6,44381.89
2019,8,28,4.5,1.4,87.41,26.28,1857.38,46114.19
2019,8,29,4.5382,12.02,91.23,25.67,1841.41,45717.74
2019,8,30,4.3591,6.85,89.91,25.66,1837.82,45628.7
2019,8,31,4.1429,19.19,89.84,25.24,1822.38,45245.39
2019,9,1,5.3479,15.81,85.26,25.87,1702.61,42271.8
2019,9,2,4.2533,14.53,88.55,25.56,1676.31,41618.78
2019,9,3,3.5239,12.3,90.96,25.56,1663.99,41312.93
2019,9,4,5.1859,2.57,87.11,26.4,1713.21,42534.75
2019,9,5,4.8667,1.22,85.5,26.55,1711.51,42492.67
2019,9,6,4.8086,1.23,86.84,26.72,1714.78,42573.78
2019,9,7,4.5365,0.61,88.27,26.47,1703.85,42302.5
2019,9,8,4.8384,7.61,90.89,26.24,1703.25,42287.58
2019,9,9,4.0061,11.04,90.87,25.73,1676.37,41620.11
2019,9,10,4.1705,3.03,90.14,25.48,1672.92,41534.58
2019,9,11,3.9917,9.64,91.71,25.38,1667.42,41397.95
2019,9,12,1.1765,15.66,92.67,25.16,1614.68,40088.66
2019,9,13,3.5707,13.63,86.73,26.64,1691.53,41996.56
2019,9,14,4.3361,11.1,84.48,27.0,1713.65,42545.72
2019,9,15,3.0955,20.71,94.28,25.63,1658.48,41176.12
2019,9,16,2.681,27.13,93.06,25.78,1655.16,41093.53
2019,9,17,3.3456,11.31,92.44,25.72,1664.93,41336.31
2019,9,18,3.6859,22.05,91.64,25.0,1652.85,41036.16
2019,9,19,3.0835,22.5,90.15,25.28,1649.66,40956.96
2019,9,20,3.0614,24.74,92.09,24.8,1637.46,40654.14
2019,9,21,4.2746,7.52,88.86,24.92,1660.71,41231.41
2019,9,22,5.9366,0.1,82.01,26.04,1716.91,42626.82
2019,9,23,5.8027,1.03,81.66,26.74,1732.36,43010.39
2019,9,24,4.465,1.44,86.54,26.46,1702.38,42265.91
2019,9,25,5.1881,1.25,84.99,26.24,1709.22,42435.7
2019,9,26,5.9837,5.91,82.52,26.92,1740.04,43201.0
2019,9,27,5.7072,4.12,79.61,27.85,1758.81,43666.89
2019,9,28,5.9573,0.93,78.84,27.58,1756.33,43605.31
2019,9,29,4.5749,1.35,91.43,26.03,1693.5,42045.54
2019,9,30,4.3284,4.75,87.13,26.41,1698.79,42176.89
2019,10,1,4.6694,2.19,85.41,26.6,1669.32,41445.12
2019,10,2,4.8262,7.97,79.71,26.88,1678.8,41680.58
2019,10,3,5.4677,9.6,78.3,26.83,1688.36,41917.83
2019,10,4,5.4122,6.18,75.33,27.25,1697.77,42151.56
2019,10,5,5.8051,1.81,73.26,28.16,1726.92,42875.25
2019,10,6,4.8149,4.61,88.56,26.04,1658.04,41165.15
2019,10,7,5.8327,2.35,84.9,26.07,1675.69,41603.33
2019,10,8,4.8626,2.68,85.57,26.13,1661.04,41239.56
2019,10,9,3.7675,6.76,86.59,26.27,1646.22,40871.55
2019,10,10,5.5968,1.89,82.76,26.37,1679.17,41689.82
2019,10,11,5.3146,8.5,81.84,26.67,1681.85,41756.18
2019,10,12,5.1854,5.46,82.77,26.03,1663.95,41311.84
2019,10,13,5.4886,1.46,83.86,25.69,1660.6,41228.76
2019,10,14,5.3558,0.46,84.19,25.78,1660.62,41229.29
2019,10,15,5.2706,1.41,85.01,25.63,1655.52,41102.67
2019,10,16,4.3404,6.24,86.87,25.53,1637.73,40660.85
2019,10,17,5.2678,2.81,85.87,25.99,1664.33,41321.39
2019,10,18,5.3239,2.5,85.64,26.52,1678.31,41668.39
2019,10,19,4.0862,12.59,87.87,26.49,1656.88,41136.22
2019,10,20,3.5762,10.76,88.9,26.21,1641.58,40756.36
2019,10,21,5.1398,5.21,88.54,26.27,1669.09,41439.43
2019,10,22,5.2447,2.43,85.52,26.27,1670.84,41482.84
2019,10,23,5.7161,0.23,84.5,26.38,1681.41,41745.4
2019,10,24,5.3117,0.59,83.24,26.42,1675.65,41602.22
2019,10,25,5.1763,3.5,87.05,26.01,1663.31,41295.89
2019,10,26,3.461,5.05,87.48,25.83,1630.48,40480.83
2019,10,27,3.6473,19.98,90.09,25.56,1627.03,40395.19
2019,10,28,3.1387,7.73,87.32,26.1,1631.64,40509.72
2019,10,29,2.3225,9.51,94.32,25.55,1604.94,39846.77
2019,10,30,3.2818,3.83,93.6,25.78,1626.3,40377.22
2019,10,31,4.085,12.05,92.42,25.65,1636.44,40628.74
2019,11,1,2.8394,28.14,92.02,25.66,1544.51,38346.47
2019,11,2,3.5208,14.3,91.71,25.88,1560.35,38739.7
2019,11,3,4.0536,7.76,94.25,25.7,1564.61,38845.42
2019,11,4,4.3951,4.83,87.1,26.62,1591.44,39511.67
2019,11,5,4.0915,13.46,88.5,26.53,1584.49,39339.06
2019,11,6,3.1934,19.01,90.59,26.09,1560.0,38731.01
2019,11,7,3.7913,12.03,92.3,25.6,1558.15,38685.04
2019,11,8,4.1839,1.41,89.74,26.09,1575.73,39121.69
2019,11,9,4.7081,1.15,86.03,26.34,1589.91,39473.57
2019,11,10,3.6578,1.06,86.45,25.51,1553.96,38581.07
2019,11,11,3.211,6.95,93.08,23.92,1510.31,37497.31
2019,11,12,3.0415,3.15,88.42,24.57,1522.64,37803.57
2019,11,13,2.9256,3.52,84.91,24.58,1521.07,37764.59
2019,11,14,2.3138,3.83,90.11,24.69,1514.08,37590.96
2019,11,15,4.5019,1.38,84.78,26.37,1587.32,39409.31
2019,11,16,4.607,6.44,79.46,26.53,1592.73,39543.71
2019,11,17,4.7088,2.77,90.64,25.67,1574.25,39084.95
2019,11,18,4.7911,0.01,89.31,26.09,1585.38,39361.2
2019,11,19,4.9272,0.0,82.66,26.53,1597.85,39670.83
2019,11,20,4.6716,7.37,83.93,26.6,1595.4,39609.98
2019,11,21,3.2294,5.23,89.33,25.84,1554.81,38602.25
2019,11,22,2.6986,7.95,93.79,25.09,1529.23,37967.1
2019,11,23,3.7454,3.86,90.12,25.52,1555.57,38621.08
2019,11,24,3.2436,8.25,93.01,25.44,1545.82,38379.06
2019,11,25,2.2793,11.73,92.79,25.1,1522.9,37809.82
2019,11,26,2.8447,6.24,90.56,24.83,1525.55,37875.78
2019,11,27,4.0409,11.08,90.42,25.85,1567.89,38926.92
2019,11,28,4.133,3.15,87.17,25.37,1558.19,38686.11
2019,11,29,3.6516,1.78,84.05,24.41,1528.42,37946.94
2019,11,30,4.3219,0.86,81.5,23.41,1515.52,37626.58
2019,12,1,3.9859,1.93,84.24,23.77,1527.8,37931.63
2019,12,2,2.7194,4.47,86.77,24.78,1531.53,38024.28
2019,12,3,0.4361,155.47,90.47,24.98,1500.25,37247.58
2019,12,4,4.0162,15.68,91.94,26.43,1590.39,39485.63
2019,12,5,3.0691,3.67,91.09,25.42,1551.82,38527.9
2019,12,6,4.6253,2.96,83.09,26.08,1591.95,39524.33
2019,12,7,4.8228,0.54,86.33,25.02,1570.15,38983.04
2019,12,8,4.171,1.79,85.59,23.75,1530.19,37990.94
2019,12,9,2.9695,2.66,87.76,23.48,1505.41,37375.76
2019,12,10,3.2657,1.65,87.94,23.99,1521.78,37782.24
2019,12,11,2.9165,2.11,88.35,24.46,1527.23,37917.48
2019,12,12,3.2302,3.32,89.88,24.68,1537.22,38165.51
2019,12,13,4.1575,9.12,89.02,24.9,1556.88,38653.55
2019,12,14,3.528,6.02,89.8,25.07,1550.95,38506.24
2019,12,15,3.7274,8.75,89.57,25.1,1554.78,38601.52
2019,12,16,4.1129,4.32,89.13,25.3,1565.53,38868.33
2019,12,17,4.1486,0.35,86.11,24.92,1557.21,38661.69
2019,12,18,4.4076,2.12,85.99,24.41,1549.32,38465.79
2019,12,19,4.1249,4.15,89.66,24.71,1551.92,38530.55
2019,12,20,4.4791,6.1,89.84,24.58,1554.42,38592.49
2019,12,21,3.5354,2.39,88.98,24.73,1543.16,38312.95
2019,12,22,4.1801,0.61,86.33,24.57,1549.51,38470.69
2019,12,23,3.0091,2.39,88.34,24.64,1532.84,38056.65
2019,12,24,4.8689,2.31,85.33,24.3,1553.92,38579.96
2019,12,25,1.3978,42.57,93.97,24.73,1509.68,37481.79
2019,12,26,3.505,16.81,92.8,25.2,1553.6,38572.25
2019,12,27,4.4635,4.96,89.29,25.3,1571.07,39005.82
2019,12,28,3.9497,4.34,89.26,25.31,1563.19,38810.12
2019,12,29,4.4623,1.53,86.72,24.36,1549.0,38457.84
2019,12,30,4.2926,1.81,87.53,24.66,1553.38,38566.66
2019,12,31,3.9163,3.86,87.45,24.6,1546.09,38385.74
2020,1,1,3.0514,13.12,88.24,24.99,1658.87,41185.76
2020,1,2,3.6965,5.19,87.38,24.75,1663.77,41307.47
2020,1,3,4.3819,2.21,87.16,23.92,1654.39,41074.53
2020,1,4,3.876,2.6,87.73,23.82,1643.46,40803.13
2020,1,5,3.2263,1.0,84.16,23.29,1619.45,40206.96
2020,1,6,4.3114,1.36,84.94,23.84,1651.2,40995.33
2020,1,7,2.7907,8.54,88.28,24.33,1638.08,40669.54
2020,1,8,3.2539,9.59,88.53,24.58,1652.07,41016.97
2020,1,9,3.9919,1.87,86.18,24.35,1658.7,41181.58
2020,1,10,3.9809,2.39,87.26,23.98,1649.22,40946.22
2020,1,11,4.734,1.94,86.64,24.11,1665.06,41339.46
2020,1,12,4.1731,2.26,86.01,23.94,1651.42,41000.73
2020,1,13,3.1462,0.98,85.74,23.9,1633.32,40551.44
2020,1,14,3.4306,2.46,85.39,24.05,1641.8,40761.99
2020,1,15,3.1661,1.06,84.74,24.03,1636.89,40640.08
2020,1,16,4.6843,2.36,85.63,25.0,1686.75,41877.93
2020,1,17,2.9098,6.67,88.2,25.69,1673.87,41558.18
2020,1,18,3.0689,2.73,86.71,25.31,1667.13,41390.87
2020,1,19,2.8236,0.8,84.2,24.71,1648.06,40917.47
2020,1,20,3.5753,1.1,84.16,24.03,1643.72,40809.49
2020,1,21,4.5348,0.51,81.24,22.93,1631.93,40516.77
2020,1,22,5.0539,0.32,78.2,22.92,1640.18,40721.77
2020,1,23,5.1252,0.28,79.65,23.64,1659.65,41205.07
2020,1,24,2.6088,15.35,88.42,24.64,1642.71,40784.57
2020,1,25,2.9921,31.11,89.77,25.04,1659.11,41191.73
2020,1,26,4.554,1.5,83.9,26.4,1719.92,42701.48
2020,1,27,5.621,0.91,74.39,25.75,1721.75,42747.0
2020,1,28,5.5037,1.41,71.96,25.85,1722.3,42760.5
2020,1,29,5.5574,1.43,65.72,25.61,1717.09,42631.27
2020,1,30,4.9908,8.21,75.27,24.23,1672.39,41521.52
2020,1,31,3.0638,4.88,83.89,22.37,1593.87,39571.92
2020,2,1,3.8626,2.55,83.26,21.5,1594.48,39586.97
2020,2,2,3.0936,3.51,83.74,21.43,1580.32,39235.51
2020,2,3,3.7202,2.76,80.88,21.4,1589.66,39467.37
2020,2,4,4.7525,0.8,79.57,22.11,1624.36,40329.04
2020,2,5,3.8784,3.09,84.52,23.78,1652.29,41022.41
2020,2,6,3.139,5.98,86.04,23.97,1644.7,40833.86
2020,2,7,2.7562,27.52,88.97,24.78,1658.5,41176.53
2020,2,8,3.6418,22.79,89.6,25.14,1682.59,41774.67
2020,2,9,2.7931,18.44,87.28,23.75,1633.41,40553.55
2020,2,10,3.3389,1.21,81.52,22.55,1612.39,40031.82
2020,2,11,5.2759,0.59,79.7,22.41,1640.57,40731.34
2020,2,12,5.6076,0.29,80.37,22.65,1652.16,41019.14
2020,2,13,3.5741,1.24,84.1,23.52,1640.66,40733.7
2020,2,14,5.0959,1.83,86.38,24.19,1683.12,41787.68
2020,2,15,5.7754,0.07,81.81,24.13,1693.0,42033.03
2020,2,16,5.4067,0.03,82.67,24.29,1690.9,41981.08
2020,2,17,4.1549,1.78,84.95,24.36,1671.6,41501.69
2020,2,18,3.6346,101.95,87.99,23.09,1630.84,40489.84
2020,2,19,4.764,31.79,83.29,22.47,1633.72,40561.36
2020,2,20,3.9694,157.47,85.1,21.93,1607.06,39899.51
2020,2,21,4.3418,163.93,87.74,22.26,1621.48,40257.46
2020,2,22,5.8452,61.66,85.92,22.01,1639.58,40706.88
2020,2,23,4.7405,106.84,88.08,23.34,1655.49,41101.88
2020,2,24,4.5497,8.3,88.87,24.31,1676.98,41635.39
2020,2,25,5.6734,1.17,86.42,23.74,1681.26,41741.59
2020,2,26,4.4155,5.78,88.34,23.82,1662.28,41270.45
2020,2,27,4.638,2.03,86.15,23.65,1661.68,41255.45
2020,2,28,4.8252,1.83,86.11,23.5,1660.98,41238.03
2020,2,29,5.3102,0.36,84.99,23.94,1680.32,41718.18
2020,3,1,5.7168,0.12,84.3,24.08,2006.89,49826.13
2020,3,2,6.1517,0.26,85.39,23.84,2008.19,49858.62
2020,3,3,4.7906,80.02,88.98,23.97,1985.1,49285.33
2020,3,4,5.3047,43.14,86.17,23.83,1991.07,49433.57
2020,3,5,6.2882,0.1,83.14,24.34,2026.25,50306.97
2020,3,6,5.675,0.67,85.47,24.9,2031.07,50426.63
2020,3,7,5.3779,0.72,87.54,25.88,2054.89,51018.02
2020,3,8,5.9628,0.05,84.86,26.76,2093.79,51983.83
2020,3,9,5.9626,0.03,82.81,26.84,2096.24,52044.51
2020,3,10,6.0806,0.97,75.38,27.9,2131.16,52911.56
2020,3,11,4.735,3.53,83.8,26.12,2048.99,50871.37
2020,3,12,6.5254,1.68,85.28,25.23,2058.38,51104.69
2020,3,13,6.6866,0.02,83.37,25.77,2078.29,51599.01
2020,3,14,6.7277,0.09,83.05,26.08,2088.69,51857.16
2020,3,15,5.2874,74.63,85.87,25.14,2030.55,50413.6
2020,3,16,2.6539,58.87,89.06,24.41,1955.62,48553.36
2020,3,17,3.5306,125.79,89.23,23.92,1958.55,48625.96
2020,3,18,6.0926,24.02,85.92,24.5,2027.24,50331.53
2020,3,19,5.7629,0.56,84.78,25.22,2042.62,50713.29
2020,3,20,6.3722,0.36,84.33,25.56,2065.42,51279.29
2020,3,21,6.3283,0.04,84.09,25.53,2063.6,51234.21
2020,3,22,6.575,16.59,85.69,25.54,2068.93,51366.59
2020,3,23,7.0075,0.73,84.88,25.19,2066.92,51316.66
2020,3,24,6.2484,0.27,84.53,24.97,2044.79,50767.17
2020,3,25,6.7222,0.47,83.46,24.48,2039.25,50629.69
2020,3,26,6.7267,0.19,83.34,24.76,2047.97,50846.25
2020,3,27,6.4858,85.61,85.88,25.14,2054.81,51016.03
2020,3,28,6.7615,34.88,85.06,25.47,2070.57,51407.3
2020,3,29,6.4942,0.01,83.52,25.64,2070.36,51402.1
2020,3,30,6.1195,0.1,84.68,25.84,2068.85,51364.51
2020,3,31,7.1345,20.9,85.07,25.54,2080.33,51649.53
2020,4,1,6.695,78.17,85.47,26.16,2102.81,52207.61
2020,4,2,6.5693,0.67,84.92,25.67,2085.03,51766.38
2020,4,3,6.6989,0.48,84.7,25.28,2075.6,51532.23
2020,4,4,6.8695,1.35,83.83,25.33,2080.64,51657.23
2020,4,5,7.1489,0.98,82.94,24.94,2074.2,51497.38
2020,4,6,6.2494,0.5,83.98,25.64,2077.54,51580.35
2020,4,7,6.6614,0.36,77.15,26.93,2125.98,52782.85
2020,4,8,5.7768,3.38,79.84,26.84,2104.71,52254.91
2020,4,9,4.9642,5.45,83.77,26.35,2072.81,51462.82
2020,4,10,5.0018,3.51,85.94,25.93,2060.78,51164.27
2020,4,11,4.86,3.73,86.02,25.97,2059.08,51121.96
2020,4,12,5.1158,2.06,79.7,26.84,2090.91,51912.17
2020,4,13,4.3889,9.77,82.63,26.69,2071.18,51422.42
2020,4,14,3.0372,10.0,87.11,25.15,1996.99,49580.33
2020,4,15,5.5274,8.39,81.08,27.58,2122.18,52688.65
2020,4,16,6.2273,1.44,77.66,28.08,2152.39,53438.57
2020,4,17,4.9874,3.0,85.87,26.57,2080.0,51641.26
2020,4,18,5.2339,62.45,89.42,26.57,2085.12,51768.57
2020,4,19,6.1421,28.83,84.95,26.69,2107.72,52329.5
2020,4,20,6.1922,2.99,84.17,26.63,2106.91,52309.46
2020,4,21,7.1294,0.14,83.28,26.89,2134.52,52994.91
2020,4,22,6.0641,2.26,86.35,27.03,2116.57,52549.22
2020,4,23,5.9138,0.79,83.01,27.16,2117.42,52570.37
2020,4,24,6.7886,39.69,86.06,26.4,2112.19,52440.56
2020,4,25,6.5002,151.59,88.91,26.53,2110.23,52391.85
2020,4,26,6.4558,101.01,87.56,26.79,2117.35,52568.59
2020,4,27,5.6148,77.4,85.2,26.4,2087.83,51835.83
2020,4,28,6.8292,1.06,83.23,25.93,2098.44,52099.23
2020,4,29,5.375,2.67,85.18,26.69,2091.73,51932.61
2020,4,30,5.7593,1.38,85.41,26.69,2099.74,52131.44
2020,5,1,6.793,1.12,83.08,26.54,2067.02,51319.04
2020,5,2,6.293,3.13,84.8,26.54,2056.86,51066.96
2020,5,3,2.8318,9.92,88.11,27.23,2006.68,49820.95
2020,5,4,6.1795,4.41,88.01,27.63,2087.39,51824.92
2020,5,5,6.5201,1.32,86.45,28.03,2106.51,52299.53
2020,5,6,6.1058,6.41,83.31,28.94,2125.3,52766.17
2020,5,7,6.8604,1.93,78.83,29.01,2143.29,53212.69
2020,5,8,7.2286,0.35,82.2,28.22,2126.99,52808.09
2020,5,9,6.9629,2.26,81.41,28.25,2122.38,52693.45
2020,5,10,6.733,6.17,80.9,28.29,2118.8,52604.72
2020,5,11,7.0219,3.2,83.22,27.63,2104.77,52256.4
2020,5,12,6.503,1.72,80.12,28.43,2118.24,52590.83
2020,5,13,6.4567,0.62,81.93,27.91,2101.57,52176.88
2020,5,14,4.2938,20.26,89.64,27.35,2040.21,50653.55
2020,5,15,1.2869,111.2,92.1,26.52,1954.64,48528.9
2020,5,16,4.3032,16.07,88.27,27.2,2035.97,50548.24
2020,5,17,6.2539,0.33,89.72,26.51,2055.17,51024.8
2020,5,18,5.509,1.18,80.92,28.25,2092.11,51942.09
2020,5,19,4.8053,2.34,81.27,28.38,2081.33,51674.33
2020,5,20,6.7116,3.37,77.27,29.02,2140.46,53142.47
2020,5,21,6.2369,1.68,80.46,28.78,2123.24,52714.86
2020,5,22,5.6333,1.92,84.96,27.82,2081.82,51686.48
2020,5,23,4.9212,11.52,87.52,27.2,2048.64,50862.82
2020,5,24,6.6833,2.59,82.72,28.01,2109.29,52368.57
2020,5,25,5.341,0.09,78.76,28.58,2098.47,52100.02
2020,5,26,5.2517,0.48,76.93,28.84,2104.37,52246.32
2020,5,27,6.4421,2.95,78.9,28.85,2129.66,52874.19
2020,5,28,6.2388,3.32,77.68,28.69,2120.56,52648.5
2020,5,29,6.595,5.21,82.58,28.03,2108.06,52338.12
2020,5,30,6.7709,1.79,77.94,28.59,2128.68,52849.99
2020,5,31,6.9876,16.56,82.59,27.1,2087.97,51839.3
2020,6,1,6.4354,39.13,84.38,27.29,1952.87,48485.09
2020,6,2,6.5986,0.95,75.84,28.51,1990.62,49422.29
2020,6,3,6.7505,1.04,70.11,29.57,2023.71,50243.81
2020,6,4,6.7702,0.23,72.24,29.71,2028.08,50352.3
2020,6,5,7.1299,0.19,77.15,28.89,2011.87,49949.76
2020,6,6,7.0399,0.04,78.64,28.41,1996.42,49566.23
2020,6,7,6.7774,3.35,79.51,28.4,1991.0,49431.66
2020,6,8,4.9298,8.32,87.24,27.08,1918.03,47619.97
2020,6,9,5.8236,33.42,83.26,27.55,1948.41,48374.37
2020,6,10,3.9864,102.79,88.9,27.02,1898.26,47129.23
2020,6,11,3.5851,22.19,92.31,26.31,1871.02,46452.98
2020,6,12,3.4795,36.9,93.23,25.39,1843.72,45775.2
2020,6,13,5.4314,40.58,91.38,26.04,1898.49,47134.98
2020,6,14,5.1444,41.21,88.38,26.42,1903.69,47264.07
2020,6,15,4.0896,13.24,89.8,25.94,1870.36,46436.56
2020,6,16,6.4404,39.84,85.36,26.78,1938.52,48128.87
2020,6,17,6.5057,70.83,82.05,27.56,1961.88,48708.67
2020,6,18,6.2081,3.9,86.8,27.05,1941.71,48208.07
2020,6,19,3.6305,23.44,87.88,27.19,1896.12,47076.01
2020,6,20,5.2454,27.29,78.73,27.9,1947.03,48340.16
2020,6,21,6.4332,12.49,76.43,28.36,1983.13,49236.37
2020,6,22,6.4819,3.46,81.16,28.2,1979.55,49147.45
2020,6,23,6.1078,3.9,81.39,28.41,1978.18,49113.46
2020,6,24,5.7919,3.12,84.98,27.55,1947.8,48359.16
2020,6,25,6.079,6.1,87.23,26.94,1936.13,48069.51
2020,6,26,5.0957,10.57,88.03,26.43,1903.05,47248.03
2020,6,27,4.7551,20.61,89.39,26.52,1899.08,47149.49
2020,6,28,4.3006,19.93,87.81,26.2,1881.55,46714.4
2020,6,29,5.856,5.58,87.75,25.83,1900.61,47187.45
2020,6,30,5.7727,3.78,82.8,26.83,1927.17,47847.0
2020,7,1,6.6209,1.0,78.78,27.8,1982.67,49224.85
2020,7,2,6.1656,1.64,78.77,28.04,1980.6,49173.61
2020,7,3,6.1013,5.02,85.08,26.93,1947.83,48359.82
2020,7,4,4.2698,9.59,84.5,26.51,1900.83,47193.03
2020,7,5,5.8824,5.78,85.68,26.31,1926.04,47818.97
2020,7,6,6.2292,6.2,82.52,27.39,1963.37,48745.71
2020,7,7,6.2134,3.63,85.83,27.15,1956.24,48568.71
2020,7,8,5.7864,1.6,87.68,26.69,1934.97,48040.53
2020,7,9,6.607,2.77,83.57,27.02,1960.14,48665.48
2020,7,10,5.9016,3.51,78.16,27.99,1974.02,49010.11
2020,7,11,4.8874,1.67,81.78,27.21,1932.29,47974.2
2020,7,12,4.9044,2.81,81.6,27.37,1937.11,48093.83
2020,7,13,2.0234,5.92,89.63,25.69,1835.47,45570.31
2020,7,14,6.7229,1.25,76.68,27.7,1981.8,49203.33
2020,7,15,6.3739,1.75,80.68,27.65,1973.58,48999.18
2020,7,16,6.3994,3.71,86.31,26.83,1950.72,48431.71
2020,7,17,5.9484,2.71,86.42,27.01,1947.15,48343.0
2020,7,18,6.3638,3.68,87.19,26.76,1948.04,48365.23
2020,7,19,3.6715,18.33,90.54,25.89,1872.19,46482.01
2020,7,20,5.5531,7.86,87.16,26.13,1914.67,47536.67
2020,7,21,5.8742,14.17,89.14,26.36,1927.3,47850.25
2020,7,22,4.8461,9.59,88.47,26.45,1910.18,47425.23
2020,7,23,5.7703,6.25,85.88,27.1,1946.26,48320.95
2020,7,24,4.6574,3.72,87.85,26.19,1899.3,47154.92
2020,7,25,6.3722,3.66,80.86,27.6,1972.12,48963.01
2020,7,26,5.767,4.52,81.92,27.49,1957.23,48593.4
2020,7,27,6.3646,8.6,81.54,27.91,1980.8,49178.45
2020,7,28,2.7173,27.99,86.44,26.7,1876.32,46584.43
2020,7,29,1.6493,35.18,86.6,26.2,1842.24,45738.32
2020,7,30,3.6348,36.48,89.3,26.34,1883.96,46774.23
2020,7,31,3.8789,11.99,91.3,26.27,1886.68,46841.72
2020,8,1,3.0737,11.66,87.22,26.2,1880.47,46687.57
2020,8,2,3.5177,4.31,81.25,26.57,1899.28,47154.62
2020,8,3,5.2442,4.31,78.85,27.57,1960.89,48684.15
2020,8,4,5.5262,15.28,88.14,26.5,1936.02,48066.61
2020,8,5,4.5802,10.87,91.26,26.43,1915.83,47565.39
2020,8,6,4.609,7.45,91.57,26.14,1908.22,47376.52
2020,8,7,3.421,19.68,87.13,26.4,1892.69,46990.98
2020,8,8,3.3526,4.98,91.68,26.06,1881.93,46723.76
2020,8,9,3.2796,14.66,92.73,26.15,1883.03,46751.12
2020,8,10,4.5895,11.66,89.58,26.11,1907.0,47346.29
2020,8,11,4.9426,5.15,81.51,27.02,1939.46,48152.11
2020,8,12,3.6394,12.31,91.59,25.93,1883.79,46770.06
2020,8,13,4.5854,23.04,79.69,27.14,1935.9,48063.83
2020,8,14,4.6776,16.62,78.76,27.15,1937.98,48115.32
2020,8,15,4.105,10.67,86.96,26.13,1898.29,47129.86
2020,8,16,3.6686,8.74,84.22,26.62,1903.59,47261.46
2020,8,17,5.4046,9.09,85.8,26.69,1939.06,48142.28
2020,8,18,4.8307,5.74,86.09,26.91,1934.19,48021.17
2020,8,19,3.4735,21.94,78.63,27.61,1927.37,47851.83
2020,8,20,4.1477,20.42,81.0,26.7,1915.07,47546.58
2020,8,21,4.9862,1.99,86.96,25.96,1910.36,47429.69
2020,8,22,5.6407,1.9,85.02,26.81,1947.04,48340.2
2020,8,23,5.6386,0.81,87.8,26.66,1942.73,48233.31
2020,8,24,6.3154,0.06,87.34,26.63,1954.94,48536.36
2020,8,25,6.6782,0.02,86.09,27.05,1974.0,49009.71
2020,8,26,5.957,0.21,86.19,26.92,1956.29,48570.03
2020,8,27,6.5215,0.15,88.35,26.13,1944.57,48279.03
2020,8,28,3.7553,0.87,85.19,26.4,1899.12,47150.59
2020,8,29,3.7138,0.25,88.37,26.11,1890.23,46929.97
2020,8,30,4.2024,1.88,89.65,26.18,1901.55,47210.97
2020,8,31,6.1013,0.75,82.97,26.04,1933.95,48015.38
2020,9,1,5.4946,1.29,83.75,26.73,1775.8,44088.91
2020,9,2,5.8658,1.34,84.81,26.75,1782.88,44264.7
2020,9,3,5.9556,1.01,82.83,27.27,1798.03,44640.84
2020,9,4,6.3478,1.94,80.64,27.74,1817.33,45119.81
2020,9,5,6.347,5.4,84.4,27.29,1805.53,44826.92
2020,9,6,5.6462,3.37,87.8,26.82,1780.82,44213.52
2020,9,7,5.6974,7.34,84.66,27.35,1795.52,44578.35
2020,9,8,5.6652,3.23,82.29,27.81,1806.91,44861.11
2020,9,9,5.1631,3.68,85.12,27.03,1777.71,44136.22
2020,9,10,5.3662,6.56,76.13,28.0,1806.47,44850.18
2020,9,11,5.1907,4.67,78.8,28.11,1806.15,44842.45
2020,9,12,2.5608,5.91,80.21,27.4,1740.85,43221.07
2020,9,13,6.0134,0.85,78.27,27.84,1813.94,45035.72
2020,9,14,5.9707,11.82,87.17,27.0,1791.26,44472.65
2020,9,15,3.2335,34.86,92.29,26.08,1719.35,42687.36
2020,9,16,3.1474,22.61,93.36,25.81,1711.0,42479.96
2020,9,17,2.4226,13.68,94.13,25.56,1692.07,42010.03
2020,9,18,4.6992,11.04,87.56,26.01,1743.2,43279.51
2020,9,19,5.2169,7.44,83.68,26.61,1767.79,43889.94
2020,9,20,5.537,8.02,87.28,26.92,1781.49,44230.04
2020,9,21,6.3154,1.11,83.97,27.41,1808.11,44890.92
2020,9,22,5.5682,2.02,81.48,27.73,1803.09,44766.28
2020,9,23,4.7465,11.2,87.1,27.29,1777.02,44119.0
2020,9,24,5.1082,10.4,89.76,26.12,1753.2,43527.69
2020,9,25,3.1958,45.86,93.22,25.96,1715.65,42595.39
2020,9,26,5.1223,23.2,85.2,27.16,1780.35,44201.73
2020,9,27,5.7643,0.89,79.86,28.09,1815.97,45086.25
2020,9,28,5.6626,1.69,83.41,27.34,1794.64,44556.48
2020,9,29,5.2589,3.11,86.62,26.17,1757.13,43625.37
2020,9,30,5.5961,15.17,85.15,27.24,1790.85,44462.52
2020,10,1,4.3291,24.03,81.26,28.05,1747.15,43377.53
2020,10,2,4.1662,14.54,85.83,27.1,1720.52,42716.28
2020,10,3,4.4525,16.87,86.44,26.85,1719.21,42683.86
2020,10,4,5.4794,11.74,86.86,26.85,1736.96,43124.59
2020,10,5,4.7383,6.22,85.57,26.15,1706.54,42369.19
2020,10,6,3.979,14.28,91.54,26.67,1706.53,42369.04
2020,10,7,3.3031,55.07,91.46,26.68,1695.13,42085.87
2020,10,8,1.4342,83.09,95.1,26.36,1655.11,41092.45
2020,10,9,2.6813,49.34,88.91,26.28,1674.55,41574.91
2020,10,10,4.2703,13.81,86.21,26.49,1707.04,42381.8
2020,10,11,2.8982,22.41,92.82,25.65,1662.7,41280.89
2020,10,12,3.3492,26.21,91.25,25.43,1664.9,41335.53
2020,10,13,4.883,24.35,90.37,25.56,1694.14,42061.51
2020,10,14,1.2283,63.06,93.13,25.51,1630.94,40492.35
2020,10,15,3.5182,68.92,94.2,25.43,1667.76,41406.56
2020,10,16,5.1542,113.21,88.49,25.86,1706.32,42363.93
2020,10,17,3.2218,51.54,88.3,26.37,1686.04,41860.33
2020,10,18,1.8838,51.08,93.76,25.91,1651.83,41010.94
2020,10,19,3.8861,21.77,90.84,26.2,1693.2,42038.14
2020,10,20,0.6187,50.34,93.36,25.78,1627.12,40397.55
2020,10,21,3.3019,19.83,90.94,26.48,1690.14,41962.2
2020,10,22,4.7539,9.78,92.37,26.3,1710.58,42469.54
2020,10,23,4.8492,6.49,91.43,26.34,1713.22,42535.14
2020,10,24,4.2914,35.18,88.02,26.54,1708.66,42421.91
2020,10,25,2.2474,48.84,93.74,25.91,1658.03,41164.85
2020,10,26,1.7525,55.72,92.87,25.89,1649.1,40943.24
2020,10,27,3.3502,13.81,94.3,25.36,1663.18,41292.83
2020,10,28,4.7203,12.24,88.99,26.16,1706.48,42367.79
2020,10,29,4.1546,6.32,87.35,26.24,1698.8,42177.13
2020,10,30,4.669,8.23,90.19,26.19,1706.36,42364.72
2020,10,31,4.1578,51.98,87.16,25.64,1683.85,41805.82
2020,11,1,1.1952,72.18,94.52,24.2,1527.77,37930.84
2020,11,2,3.8158,4.07,90.68,25.87,1609.18,39952.08
2020,11,3,4.3906,5.47,84.21,27.0,1645.62,40856.82
2020,11,4,2.0837,37.18,94.46,25.64,1575.59,39118.1
2020,11,5,3.6427,4.7,88.56,25.73,1603.03,39799.42
2020,11,6,5.0563,2.01,87.04,26.24,1638.31,40675.25
2020,11,7,2.1871,19.88,91.26,25.43,1572.35,39037.58
2020,11,8,3.9523,44.49,93.94,25.93,1612.84,40042.81
2020,11,9,2.8766,78.09,93.55,25.67,1589.17,39455.16
2020,11,10,3.3257,18.98,90.88,26.07,1605.94,39871.65
2020,11,11,1.1585,99.94,92.44,25.25,1551.53,38520.8
2020,11,12,1.597,94.08,94.24,25.39,1561.87,38777.42
2020,11,13,4.6685,11.37,91.54,26.0,1626.19,40374.4
2020,11,14,4.3286,3.96,91.51,25.69,1613.22,40052.37
2020,11,15,4.4479,131.64,91.29,25.57,1612.28,40029.04
2020,11,16,4.6138,54.28,88.93,25.53,1614.01,40071.96
2020,11,17,3.9746,6.82,92.37,25.42,1601.03,39749.65
2020,11,18,3.8832,2.99,92.5,25.39,1598.83,39695.18
2020,11,19,4.8605,0.85,88.47,25.61,1619.93,40219.02
2020,11,20,4.3774,5.95,89.64,26.06,1622.88,40292.17
2020,11,21,4.5468,62.52,89.98,25.49,1611.96,40021.17
2020,11,22,4.5773,71.51,88.51,24.63,1591.81,39520.77
2020,11,23,3.2534,55.64,89.52,24.18,1559.98,38730.64
2020,11,24,4.374,14.72,87.21,24.46,1584.49,39338.95
2020,11,25,4.1765,1.69,85.26,24.18,1574.64,39094.52
2020,11,26,3.8998,11.21,88.94,24.97,1589.09,39453.18
2020,11,27,1.5658,13.29,94.19,25.31,1559.5,38718.65
2020,11,28,3.2458,19.75,93.82,25.32,1586.87,39398.14
2020,11,29,1.9529,56.15,91.92,25.38,1567.39,38914.49
2020,11,30,3.8388,70.19,88.88,24.55,1578.1,39180.33
2020,12,1,3.7848,39.52,89.52,23.99,1573.22,39059.33
2020,12,2,3.5146,2.95,91.1,24.83,1588.99,39450.85
2020,12,3,3.2455,19.4,93.15,24.95,1587.51,39414.08
2020,12,4,1.4594,43.21,92.45,25.43,1569.88,38976.37
2020,12,5,3.4884,55.28,93.89,25.13,1595.74,39618.29
2020,12,6,3.5791,82.74,94.74,25.34,1602.23,39779.45
2020,12,7,1.3027,79.91,95.54,25.24,1562.89,38802.86
2020,12,8,3.3072,24.64,95.8,25.21,1594.71,39592.76
2020,12,9,3.2983,13.91,92.38,25.81,1608.87,39944.36
2020,12,10,2.7233,28.44,93.39,25.2,1585.0,39351.72
2020,12,11,4.3632,2.35,90.85,25.62,1621.72,40263.4
2020,12,12,4.6327,37.37,89.61,25.73,1628.78,40438.61
2020,12,13,2.7199,97.67,92.75,25.66,1595.85,39621.05
2020,12,14,4.7959,3.03,90.1,25.4,1623.46,40306.52
2020,12,15,3.4961,11.89,91.5,24.82,1588.46,39437.51
2020,12,16,4.237,4.06,88.65,24.59,1594.87,39596.71
2020,12,17,2.9702,14.28,91.3,24.59,1574.51,39091.24
2020,12,18,2.4862,40.15,90.91,25.22,1581.63,39267.98
2020,12,19,1.4734,72.38,90.91,24.38,1545.54,38371.99
2020,12,20,2.5824,28.14,91.52,23.67,1546.5,38395.85
2020,12,21,3.0922,6.72,93.23,24.83,1582.18,39281.69
2020,12,22,2.8666,3.35,87.32,25.7,1599.19,39704.11
2020,12,23,4.3231,4.98,93.3,25.27,1612.63,40037.8
2020,12,24,5.2022,0.36,87.19,25.41,1630.31,40476.65
2020,12,25,3.7582,2.57,90.0,25.02,1597.47,39661.4
2020,12,26,2.8433,25.28,93.34,24.97,1581.49,39264.51
2020,12,27,0.9077,58.79,93.13,24.39,1536.71,38152.76
2020,12,28,3.6595,20.55,90.2,25.03,1596.12,39627.7
2020,12,29,4.3894,5.37,89.58,25.33,1615.16,40100.44
2020,12,30,4.507,14.82,88.91,25.7,1626.0,40369.61
2020,12,31,2.5747,15.94,89.58,22.82,1526.26,37893.35
2021,1,1,2.095,19.05,90.02,22.42,1622.92,40293.27
2021,1,2,2.9314,11.64,90.34,23.55,1665.77,41356.96
2021,1,3,0.9252,38.1,93.04,24.61,1658.16,41168.15
2021,1,4,3.9734,13.46,90.65,24.98,1720.4,42713.48
2021,1,5,3.6905,4.11,89.47,25.02,1716.52,42616.95
2021,1,6,4.5718,2.31,88.17,24.32,1713.67,42546.18
2021,1,7,3.4697,3.64,89.95,24.37,1695.98,42107.14
2021,1,8,3.0487,3.7,88.66,24.03,1680.04,41711.25
2021,1,9,3.1738,6.34,88.75,22.44,1641.47,40753.68
2021,1,10,2.6935,5.81,88.31,21.87,1618.91,40193.71
2021,1,11,3.1013,0.83,85.61,22.09,1631.3,40501.24
2021,1,12,3.1154,0.23,83.59,22.11,1632.05,40519.77
2021,1,13,3.4075,2.02,88.0,22.71,1652.3,41022.74
2021,1,14,3.1018,5.37,89.51,23.56,1668.92,41435.27
2021,1,15,2.9292,6.37,89.81,23.94,1675.69,41603.34
2021,1,16,3.4723,0.45,87.25,23.45,1672.4,41521.62
2021,1,17,2.7955,17.12,89.82,23.81,1670.09,41464.21
2021,1,18,3.347,10.26,90.3,23.72,1677.2,41640.73
2021,1,19,2.5642,12.37,91.96,23.97,1670.21,41467.23
2021,1,20,1.8473,55.38,94.53,24.27,1665.51,41350.67
2021,1,21,3.2846,16.87,92.22,25.16,1713.04,42530.77
2021,1,22,3.2839,6.43,93.55,24.87,1705.6,42345.9
2021,1,23,4.5029,4.79,90.49,24.93,1728.31,42909.77
2021,1,24,3.6072,4.55,87.43,25.12,1717.64,42644.83
2021,1,25,4.4218,6.0,89.45,25.19,1733.64,43042.19
2021,1,26,3.5496,8.81,89.86,25.33,1722.03,42753.93
2021,1,27,3.0266,9.99,90.95,24.7,1696.79,42127.14
2021,1,28,3.3204,1.75,87.23,23.61,1673.92,41559.43
2021,1,29,4.3008,0.06,80.64,22.63,1665.23,41343.69
2021,1,30,3.5134,0.07,79.81,21.4,1620.42,40231.22
2021,1,31,4.146,1.46,84.56,21.62,1636.52,40630.8
2021,2,1,4.0481,0.87,85.62,22.38,1664.4,41323.13
2021,2,2,4.2365,0.74,87.03,23.54,1697.77,42151.59
2021,2,3,4.1849,3.15,86.6,23.3,1690.64,41974.61
2021,2,4,3.8227,6.33,87.58,23.22,1682.4,41769.83
2021,2,5,2.6059,4.22,87.76,23.65,1672.69,41528.92
2021,2,6,3.1992,3.99,88.59,24.39,1701.93,42254.71
2021,2,7,4.8012,0.4,87.4,24.73,1738.59,43165.08
2021,2,8,4.2691,2.49,89.36,24.17,1714.74,42572.82
2021,2,9,2.8078,25.05,91.23,23.9,1682.57,41774.1
2021,2,10,2.821,10.73,91.44,24.19,1690.24,41964.53
2021,2,11,4.6915,4.82,84.14,25.84,1765.72,43838.46
2021,2,12,5.0983,1.44,84.55,25.68,1768.72,43913.02
2021,2,13,2.6179,6.83,88.1,24.63,1698.0,42157.19
2021,2,14,4.1189,1.57,86.12,24.47,1719.95,42702.11
2021,2,15,3.0934,4.04,86.67,23.91,1687.74,41902.47
2021,2,16,4.6706,2.4,85.86,23.44,1702.58,42271.05
2021,2,17,5.5135,0.88,84.23,23.48,1718.04,42654.72
2021,2,18,4.4796,4.78,84.8,22.6,1677.4,41645.72
2021,2,19,4.3682,5.03,82.29,21.33,1642.41,40777.02
2021,2,20,4.6253,0.02,78.54,20.72,1630.71,40486.66
2021,2,21,4.3481,0.97,83.92,22.33,1668.14,41415.93
2021,2,22,1.207,25.12,92.16,23.94,1656.04,41115.46
2021,2,23,3.9362,6.96,91.38,24.9,1727.94,42900.52
2021,2,24,5.0114,1.36,85.99,25.69,1767.45,43881.41
2021,2,25,6.5081,0.07,83.43,25.25,1782.18,44247.17
2021,2,26,6.1022,0.0,83.8,25.56,1783.27,44274.4
2021,2,27,5.4814,1.51,84.95,25.97,1783.13,44270.91
2021,2,28,4.3495,34.0,88.01,25.6,1753.4,43532.75
2021,3,1,5.3412,7.49,85.85,25.81,2108.62,52351.93
2021,3,2,6.1282,1.39,85.45,25.98,2130.51,52895.47
2021,3,3,4.2888,5.71,87.15,25.41,2074.14,51495.77
2021,3,4,4.5202,1.75,84.48,25.02,2066.88,51315.68
2021,3,5,5.8817,1.3,84.57,24.87,2090.44,51900.7
2021,3,6,6.0156,0.04,82.65,24.57,2083.78,51735.27
2021,3,7,6.0101,1.36,82.48,24.22,2072.66,51459.09
2021,3,8,4.1798,14.5,86.77,24.48,2043.13,50726.04
2021,3,9,3.9917,12.85,85.26,24.23,2031.55,50438.48
2021,3,10,5.6866,3.02,82.75,24.38,2071.04,51418.85
2021,3,11,5.9525,3.42,81.16,24.68,2085.94,51788.82
2021,3,12,3.5443,25.17,90.61,24.27,2023.6,50241.0
2021,3,13,2.8349,13.4,88.69,24.36,2011.77,49947.41
2021,3,14,2.9846,16.75,88.61,24.58,2021.56,50190.52
2021,3,15,3.2066,7.51,87.99,25.51,2054.59,51010.42
2021,3,16,5.8092,2.28,85.72,26.29,2133.52,52970.25
2021,3,17,5.795,3.4,85.22,26.26,2132.28,52939.41
2021,3,18,6.1471,3.15,85.74,26.23,2138.79,53100.88
2021,3,19,5.5099,2.2,86.19,26.25,2125.94,52781.9
2021,3,20,5.561,2.49,86.05,26.28,2127.96,52832.06
2021,3,21,5.2565,4.12,87.3,26.03,2113.71,52478.28
2021,3,22,4.6236,11.77,89.62,25.39,2080.51,51654.0
2021,3,23,4.2,10.11,85.62,24.82,2054.05,50997.16
2021,3,24,4.7933,1.96,84.55,25.09,2074.73,51510.51
2021,3,25,6.5654,0.68,82.57,25.6,2127.7,52825.73
2021,3,26,4.6255,3.72,85.33,25.68,2089.55,51878.38
2021,3,27,6.0583,0.7,82.44,26.4,2142.26,53187.1
2021,3,28,6.1874,0.13,79.58,26.74,2155.71,53521.06
2021,3,29,6.1102,0.3,81.65,26.94,2160.36,53636.58
2021,3,30,6.5383,0.0,81.0,26.78,2164.45,53738.06
2021,3,31,5.5157,0.07,81.75,26.56,2135.76,53025.88
2021,4,1,6.9713,0.03,80.36,26.21,2168.28,53833.23
2021,4,2,7.0483,0.0,78.88,25.64,2151.7,53421.47
2021,4,3,6.9775,0.0,79.98,25.57,2147.97,53328.89
2021,4,4,5.5966,0.59,80.27,25.95,2130.86,52904.06
2021,4,5,5.447,1.97,81.73,26.19,2135.24,53012.89
2021,4,6,5.303,0.22,79.14,26.38,2138.15,53085.11
2021,4,7,4.6738,0.23,77.78,25.56,2099.13,52116.42
2021,4,8,5.7372,0.54,76.83,25.67,2125.0,52758.63
2021,4,9,5.2978,2.67,79.69,25.72,2117.3,52567.5
2021,4,10,6.1846,0.8,77.01,25.51,2129.37,52867.02
2021,4,11,6.0708,0.98,77.34,25.34,2121.59,52673.93
2021,4,12,5.3177,1.92,79.06,26.16,2131.55,52921.24
2021,4,13,5.2114,4.38,81.18,26.94,2153.78,53473.11
2021,4,14,5.6657,5.35,84.32,26.56,2151.56,53418.0
2021,4,15,3.923,6.95,82.15,26.68,2118.03,52585.57
2021,4,16,6.1922,4.19,80.6,26.54,2162.18,53681.65
2021,4,17,5.7343,0.0,75.31,27.2,2173.22,53955.83
2021,4,18,5.4581,0.06,74.01,26.89,2157.51,53565.68
2021,4,19,6.0142,8.61,73.39,27.32,2183.06,54200.04
2021,4,20,4.3325,2.49,74.36,27.67,2157.6,53568.11
2021,4,21,4.8504,3.32,82.49,27.18,2153.53,53466.86
2021,4,22,5.5661,3.42,78.31,27.73,2186.29,54280.29
2021,4,23,5.9736,2.42,75.39,27.87,2199.58,54610.19
2021,4,24,6.9986,1.02,66.85,28.08,2228.62,55331.14
2021,4,25,5.8488,2.13,66.5,28.78,2225.61,55256.47
2021,4,26,4.4129,2.2,77.88,26.05,2108.9,52358.87
2021,4,27,4.1273,1.88,78.05,25.68,2091.35,51923.19
2021,4,28,5.8668,0.06,72.46,26.49,2153.64,53469.8
2021,4,29,6.7781,0.0,66.05,28.53,2238.15,55567.75
2021,4,30,6.9041,0.0,68.16,28.49,2239.64,55604.84
2021,5,1,7.325,0.09,70.27,27.73,2172.39,53935.21
2021,5,2,6.8458,1.87,76.15,27.48,2154.43,53489.24
2021,5,3,5.1929,1.96,77.07,27.45,2118.54,52598.31
2021,5,4,5.047,7.02,82.62,27.19,2107.5,52324.14
2021,5,5,6.4174,3.68,81.12,27.55,2147.54,53318.16
2021,5,6,5.9143,2.25,77.33,27.9,2147.69,53321.94
2021,5,7,5.568,4.22,84.06,27.12,2116.32,52543.15
2021,5,8,5.6767,3.73,87.33,26.56,2101.36,52171.72
2021,5,9,6.1519,1.21,79.11,27.99,2155.53,53516.63
2021,5,10,4.901,3.71,82.09,27.52,2114.51,52498.18
2021,5,11,4.9253,0.97,79.65,27.98,2129.09,52860.08
2021,5,12,6.1214,1.74,77.67,28.36,2166.33,53784.68
2021,5,13,6.8323,1.66,77.35,27.96,2169.1,53853.41
2021,5,14,6.3658,1.76,79.18,28.2,2166.6,53791.48
2021,5,15,6.0989,2.25,84.0,27.52,2139.86,53127.68
2021,5,16,6.6216,1.95,79.44,28.05,2167.41,53811.45
2021,5,17,6.6614,2.12,77.81,28.41,2179.45,54110.5
2021,5,18,4.381,7.93,87.99,27.31,2097.12,52066.4
2021,5,19,5.5474,1.96,80.69,28.15,2147.57,53319.0
2021,5,20,5.4914,2.72,78.44,28.07,2143.92,53228.24
2021,5,21,6.1706,3.59,79.17,28.55,2173.26,53956.85
2021,5,22,6.2638,1.8,74.7,28.92,2186.73,54291.13
2021,5,23,6.6737,1.45,73.01,29.14,2202.42,54680.79
2021,5,24,6.5599,1.53,74.1,28.79,2189.08,54349.6
2021,5,25,6.9634,0.95,74.9,28.67,2194.04,54472.6
2021,5,26,5.8574,0.86,68.13,29.87,2207.26,54801.0
2021,5,27,6.599,0.53,69.93,29.97,2226.6,55281.12
2021,5,28,6.4121,5.15,76.13,29.18,2198.0,54570.91
2021,5,29,7.1057,0.87,70.62,30.24,2246.14,55766.21
2021,5,30,6.444,0.82,70.35,30.56,2241.51,55651.38
2021,5,31,6.2057,1.27,70.14,30.55,2235.94,55512.97
2021,6,1,6.6382,2.77,75.47,29.63,2078.99,51616.3
2021,6,2,3.2158,33.69,91.72,27.27,1942.49,48227.23
2021,6,3,5.0662,15.42,83.95,27.49,1985.4,49292.65
2021,6,4,5.981,1.85,81.95,27.73,2010.5,49915.91
2021,6,5,6.6048,1.13,81.89,27.95,2029.33,50383.48
2021,6,6,4.9104,3.52,81.56,27.6,1985.46,49294.18
2021,6,7,5.4089,2.55,80.95,27.43,1990.47,49418.55
2021,6,8,4.0452,11.24,83.81,27.13,1954.91,48535.72
2021,6,9,3.3516,33.65,88.54,26.14,1913.29,47502.29
2021,6,10,4.9435,8.92,84.24,26.79,1962.89,48733.88
2021,6,11,3.3264,8.68,85.68,26.56,1924.64,47784.27
2021,6,12,3.0427,8.51,88.06,26.31,1912.06,47471.81
2021,6,13,4.8674,6.24,83.32,26.9,1964.55,48775.02
2021,6,14,6.239,1.16,83.85,26.59,1982.53,49221.36
2021,6,15,6.4874,0.09,80.41,27.31,2008.36,49862.61
2021,6,16,6.6005,0.0,82.2,27.16,2006.22,49809.62
2021,6,17,6.8945,0.31,80.15,27.88,2033.07,50476.33
2021,6,18,6.5146,0.14,81.4,27.72,2020.83,50172.44
2021,6,19,6.3497,0.3,83.19,27.13,2000.4,49665.01
2021,6,20,5.4638,2.13,85.99,27.0,1979.16,49137.86
2021,6,21,5.2994,5.22,88.07,26.27,1954.92,48535.92
2021,6,22,5.7566,3.33,83.41,26.51,1970.77,48929.41
2021,6,23,5.2466,2.97,84.24,26.54,1961.66,48703.16
2021,6,24,4.7225,1.95,85.2,26.11,1939.1,48143.1
2021,6,25,4.5667,5.45,85.97,25.88,1929.5,47904.77
2021,6,26,5.8406,2.95,79.67,27.27,1994.4,49516.09
2021,6,27,5.9119,3.3,76.56,27.91,2014.34,50011.13
2021,6,28,6.1625,3.85,78.76,27.99,2021.66,50192.97
2021,6,29,6.5962,1.77,80.75,27.75,2023.33,50234.48
2021,6,30,6.0809,0.69,81.64,27.49,2005.53,49792.49
2021,7,1,5.8562,7.09,81.95,27.81,2022.32,50209.37
2021,7,2,5.7142,7.16,82.62,27.74,2017.44,50088.16
2021,7,3,1.5562,36.27,83.85,26.95,1912.13,47473.69
2021,7,4,4.9778,30.8,90.23,26.53,1967.77,48855.1
2021,7,5,4.789,15.2,89.91,26.2,1954.56,48526.88
2021,7,6,4.085,10.6,92.53,25.59,1923.32,47751.44
2021,7,7,6.4978,4.86,86.7,26.31,1991.25,49437.86
2021,7,8,5.8668,17.12,90.23,26.64,1988.47,49369.02
2021,7,9,5.1302,7.36,92.34,26.44,1968.17,48865.0
2021,7,10,3.6818,18.07,91.33,26.16,1931.73,47960.17
2021,7,11,4.5814,8.52,87.49,26.47,1958.25,48618.59
2021,7,12,4.3853,5.12,89.18,26.92,1967.3,48843.31
2021,7,13,4.241,7.9,87.19,26.9,1963.87,48758.17
2021,7,14,4.8684,3.36,78.36,27.81,2002.52,49717.61
2021,7,15,5.4874,3.32,81.25,27.58,2008.26,49860.16
2021,7,16,5.4946,4.96,84.54,26.9,1988.68,49374.08
2021,7,17,4.7839,5.32,86.87,26.72,1969.43,48896.2
2021,7,18,5.0237,5.5,86.2,26.36,1963.77,48755.69
2021,7,19,3.9012,6.53,89.92,26.28,1939.45,48151.84
2021,7,20,3.4406,16.37,94.58,26.11,1925.59,47807.68
2021,7,21,1.6073,35.8,94.08,26.36,1896.7,47090.4
2021,7,22,2.1631,54.48,92.21,26.6,1914.34,47528.41
2021,7,23,2.1691,58.42,92.41,26.54,1912.77,47489.57
2021,7,24,0.9629,39.15,93.6,26.39,1884.88,46796.92
2021,7,25,2.4581,11.14,90.76,26.59,1919.87,47665.73
2021,7,26,4.3546,4.19,90.16,26.8,1963.25,48742.79
2021,7,27,3.918,15.96,91.06,26.81,1954.91,48535.68
2021,7,28,2.7137,18.39,92.91,26.57,1924.34,47776.74
2021,7,29,3.1848,12.91,91.16,26.68,1936.74,48084.47
2021,7,30,4.5055,2.77,91.35,26.81,1966.52,48823.95
2021,7,31,4.3783,0.96,91.07,26.65,1959.42,48647.6
2021,8,1,4.9596,4.16,89.74,26.84,1988.08,49359.17
2021,8,2,4.674,7.03,90.71,26.68,1977.77,49103.19
2021,8,3,4.0673,3.26,89.67,26.79,1968.89,48882.85
2021,8,4,4.7534,2.07,89.45,26.84,1983.98,49257.35
2021,8,5,4.9709,3.07,88.68,27.02,1993.53,49494.45
2021,8,6,5.2325,2.53,88.06,27.05,1999.62,49645.64
2021,8,7,5.5476,0.74,87.47,27.1,2007.36,49837.95
2021,8,8,5.6273,1.38,87.61,26.98,2005.45,49790.42
2021,8,9,5.6813,4.04,86.79,26.89,2003.89,49751.82
2021,8,10,4.3795,15.01,89.49,25.83,1947.4,48349.24
2021,8,11,4.6222,1.26,89.38,25.42,1940.3,48172.9
2021,8,12,4.3498,0.06,82.11,26.63,1969.89,48907.67
2021,8,13,5.4602,0.42,77.37,27.57,2019.32,50134.96
2021,8,14,5.0527,6.15,79.13,27.15,1998.93,49628.7
2021,8,15,4.2926,9.54,79.18,27.6,1996.72,49573.74
2021,8,16,5.9083,0.62,81.22,27.34,2021.59,50191.3
2021,8,17,4.6613,0.79,84.37,27.01,1987.06,49333.99
2021,8,18,6.1462,5.0,78.28,27.8,2039.87,50644.99
2021,8,19,5.8258,14.54,78.12,28.12,2042.77,50717.12
2021,8,20,5.4893,7.66,77.73,28.12,2035.96,50547.86
2021,8,21,3.9922,7.69,84.76,27.2,1979.18,49138.34
2021,8,22,5.8214,3.89,83.93,27.22,2016.34,50060.87
2021,8,23,5.3146,6.26,83.56,26.99,1999.51,49642.92
2021,8,24,4.2408,6.73,82.54,26.83,1973.49,48997.08
2021,8,25,3.9038,10.08,87.47,26.01,1943.25,48246.12
2021,8,26,2.5226,13.01,89.79,25.51,1901.95,47220.89
2021,8,27,3.7608,11.83,88.22,25.88,1936.71,48083.82
2021,8,28,5.0986,8.41,89.59,26.58,1983.29,49240.21
2021,8,29,3.8398,21.66,92.42,25.85,1937.4,48100.91
2021,8,30,4.7755,6.25,84.45,26.7,1980.36,49167.58
2021,8,31,3.2179,8.49,86.23,26.75,1950.87,48435.42
2021,9,1,2.981,10.55,85.98,26.68,1777.85,44139.68
2021,9,2,5.4806,6.45,81.31,27.2,1837.07,45610.12
2021,9,3,5.9023,23.15,82.85,26.91,1837.02,45608.67
2021,9,4,5.971,19.76,87.6,26.15,1817.89,45133.92
2021,9,5,5.1538,6.68,84.98,26.81,1820.73,45204.33
2021,9,6,4.1623,21.5,86.74,26.58,1796.65,44606.49
2021,9,7,1.6066,13.59,91.89,26.07,1737.27,43132.1
2021,9,8,0.9744,98.37,95.0,25.71,1716.72,42622.11
2021,9,9,5.4924,1.8,85.85,26.79,1826.35,45343.91
2021,9,10,4.1071,7.31,90.77,26.06,1781.97,44241.97
2021,9,11,2.5291,18.08,92.5,25.91,1749.71,43441.11
2021,9,12,3.4022,5.85,92.35,25.85,1763.81,43791.09
2021,9,13,4.7443,2.84,82.43,27.12,1821.49,45223.31
2021,9,14,6.2174,3.09,86.71,26.37,1828.24,45390.84
2021,9,15,5.5891,2.33,88.96,26.32,1815.56,45075.92
2021,9,16,4.1882,23.34,83.41,26.97,1807.39,44873.11
2021,9,17,5.4214,7.16,88.42,25.84,1799.73,44683.06
2021,9,18,5.1413,14.17,90.37,26.45,1810.93,44961.06
2021,9,19,1.6459,17.92,92.53,26.14,1739.77,43194.24
2021,9,20,3.732,14.89,90.64,26.32,1782.04,44243.72
2021,9,21,4.8883,4.82,90.8,26.0,1794.42,44551.2
2021,9,22,4.5161,5.44,89.38,26.18,1792.49,44503.26
2021,9,23,5.4199,7.25,87.39,26.54,1818.37,45145.72
2021,9,24,4.7174,7.42,88.57,26.0,1791.35,44474.97
2021,9,25,4.83,12.09,89.3,26.23,1799.47,44676.54
2021,9,26,5.6042,3.9,84.84,27.29,1841.74,45725.91
2021,9,27,2.8157,11.22,85.56,27.42,1794.07,44542.31
2021,9,28,5.5862,12.46,85.1,27.45,1845.68,45823.81
2021,9,29,4.8886,9.53,87.6,27.22,1826.78,45354.57
2021,9,30,3.205,16.52,89.39,26.96,1789.21,44421.83
2021,10,1,5.1782,1.51,85.34,27.18,1788.1,44394.19
2021,10,2,3.4193,10.52,88.28,26.96,1751.09,43475.36
2021,10,3,3.5772,17.41,92.5,25.95,1728.09,42904.24
2021,10,4,3.6946,23.52,93.28,26.2,1736.54,43114.16
2021,10,5,1.4604,20.77,92.56,26.39,1701.98,42256.13
2021,10,6,3.3564,1.31,83.33,26.93,1749.21,43428.58
2021,10,7,3.8599,0.6,84.26,26.9,1757.39,43631.81
2021,10,8,3.799,3.84,84.58,27.08,1760.92,43719.4
2021,10,9,4.704,1.52,88.7,26.69,1766.97,43869.58
2021,10,10,5.3585,0.59,86.62,27.38,1796.52,44603.29
2021,10,11,3.2232,6.32,89.39,26.47,1735.12,43078.94
2021,10,12,2.8135,12.9,91.25,26.05,1717.24,42634.82
2021,10,13,3.8885,9.94,87.42,26.38,1744.57,43313.44
2021,10,14,2.3198,5.87,90.02,25.93,1705.54,42344.45
2021,10,15,4.0673,27.47,92.65,25.57,1726.92,42875.24
2021,10,16,4.639,11.48,91.94,25.67,1739.47,43186.8
2021,10,17,4.1753,17.69,92.05,25.83,1735.49,43087.95
2021,10,18,1.645,12.93,91.13,25.45,1681.69,41752.24
2021,10,19,5.5385,1.51,87.48,26.04,1764.82,43816.11
2021,10,20,3.1507,8.36,91.97,25.71,1714.5,42566.99
2021,10,21,3.8174,11.13,91.27,25.86,1729.99,42951.54
2021,10,22,5.0873,2.96,87.16,25.95,1754.56,43561.49
2021,10,23,3.2851,13.16,91.63,25.83,1719.91,42701.19
2021,10,24,1.7472,22.89,93.83,25.24,1678.2,41665.62
2021,10,25,1.1971,18.94,90.97,25.01,1662.92,41286.29
2021,10,26,3.995,11.42,90.33,25.56,1725.4,42837.57
2021,10,27,4.9937,2.7,87.57,25.75,1747.73,43392.03
2021,10,28,2.8932,9.25,89.35,25.27,1698.84,42178.06
2021,10,29,5.2178,1.04,86.33,25.11,1735.02,43076.42
2021,10,30,4.6394,0.84,86.76,25.39,1732.24,43007.39
2021,10,31,5.1828,2.89,86.2,24.73,1724.55,42816.33
2021,11,1,4.6961,4.77,87.43,25.45,1657.93,41162.35
2021,11,2,4.4194,4.26,86.77,25.28,1649.14,40944.13
2021,11,3,4.7568,3.95,87.23,24.97,1647.07,40892.85
2021,11,4,4.5017,2.42,87.73,25.51,1656.17,41118.81
2021,11,5,3.5664,16.26,91.2,25.99,1652.33,41023.35
2021,11,6,5.3215,5.21,89.92,26.26,1688.46,41920.45
2021,11,7,3.3101,8.37,94.06,25.6,1638.53,40680.82
2021,11,8,3.15,20.65,93.4,25.74,1639.27,40699.1
2021,11,9,4.4309,6.19,88.85,25.56,1656.23,41120.14
2021,11,10,4.5746,0.3,88.19,25.45,1655.91,41112.18
2021,11,11,4.8444,3.19,89.53,25.46,1660.64,41229.72
2021,11,12,3.2998,8.17,93.02,25.49,1635.68,40610.04
2021,11,13,3.3139,8.53,93.22,25.83,1644.2,40821.49
2021,11,14,3.7788,6.03,90.48,26.01,1656.38,41123.9
2021,11,15,4.5382,6.77,89.22,25.99,1668.62,41427.81
2021,11,16,4.3378,7.17,89.66,26.11,1668.21,41417.73
2021,11,17,4.1292,6.61,91.93,25.68,1654.15,41068.54
2021,11,18,4.3526,1.65,87.71,25.6,1655.91,41112.2
2021,11,19,4.1486,2.41,87.9,26.04,1663.32,41296.16
2021,11,20,2.1374,10.53,87.72,25.96,1627.65,40410.67
2021,11,21,4.4321,6.86,87.15,26.5,1679.41,41695.6
2021,11,22,4.5605,2.85,87.0,26.34,1677.63,41651.45
2021,11,23,2.4694,10.92,91.11,25.7,1626.94,40392.89
2021,11,24,4.3831,3.8,89.39,25.84,1662.33,41271.55
2021,11,25,3.269,17.52,93.39,25.66,1639.31,40700.08
2021,11,26,2.79,20.4,92.8,25.2,1620.17,40224.97
2021,11,27,3.4121,8.37,93.02,25.35,1634.14,40571.67
2021,11,28,1.5264,16.02,94.36,25.39,1603.78,39818.02
2021,11,29,4.153,3.22,91.53,25.67,1654.3,41072.3
2021,11,30,4.9632,2.08,85.0,26.76,1694.82,42078.2
2021,12,1,3.1018,3.28,88.06,25.38,1639.43,40703.18
2021,12,2,3.8597,1.53,86.52,23.57,1607.5,39910.32
2021,12,3,3.7925,1.52,85.28,23.13,1595.57,39614.19
2021,12,4,3.5374,3.72,84.03,22.48,1575.49,39115.54
2021,12,5,4.4266,1.59,81.0,22.44,1588.71,39443.91
2021,12,6,3.6797,1.79,85.13,23.01,1590.8,39495.68
2021,12,7,2.7622,4.39,87.88,23.34,1584.05,39328.1
2021,12,8,4.001,2.62,80.72,23.23,1601.41,39759.06
2021,12,9,4.0543,0.68,82.05,22.95,1595.36,39608.83
2021,12,10,3.6324,0.82,85.13,23.4,1599.62,39714.79
2021,12,11,1.896,9.66,89.97,24.5,1598.03,39675.21
2021,12,12,2.7348,7.02,88.45,24.75,1617.95,40169.87
2021,12,13,2.8666,4.08,88.81,24.03,1602.57,39787.99
2021,12,14,4.2024,0.32,82.97,23.69,1616.04,40122.34
2021,12,15,2.8949,2.33,88.13,24.07,1604.01,39823.72
2021,12,16,2.9827,4.73,88.79,24.67,1620.1,40223.25
2021,12,17,1.4414,22.49,91.08,25.5,1614.57,40085.88
2021,12,18,3.1109,12.35,92.88,25.37,1639.34,40700.88
2021,12,19,2.0436,0.85,91.91,25.34,1620.78,40240.1
2021,12,20,3.7363,6.33,92.29,25.42,1651.02,40990.88
2021,12,21,4.2326,7.96,93.74,25.35,1657.59,41153.93
2021,12,22,3.2542,3.36,88.31,25.93,1655.45,41100.82
2021,12,23,4.5859,0.97,86.67,25.25,1661.01,41238.83
2021,12,24,4.3162,1.65,86.35,24.73,1643.64,40807.55
2021,12,25,3.3864,11.27,90.25,24.54,1623.59,40309.83
2021,12,26,2.491,23.23,90.06,24.4,1605.41,39858.51
2021,12,27,1.973,32.37,89.84,23.17,1567.15,38908.6
2021,12,28,2.8236,3.55,86.46,22.93,1575.05,39104.6
2021,12,29,3.6818,2.85,86.59,23.48,1602.39,39783.54
2021,12,30,4.0543,1.8,84.81,23.19,1601.28,39755.95
2021,12,31,4.698,0.93,81.57,22.52,1595.04,39600.93
2022,1,1,3.6583,1.73,83.46,22.55,1696.76,42126.42
2022,1,2,2.6273,0.97,83.18,22.42,1675.63,41601.8
2022,1,3,4.283,0.46,83.51,22.61,1709.1,42432.77
2022,1,4,4.4671,1.01,83.92,22.54,1710.4,42465.16
2022,1,5,4.7585,2.08,86.06,22.82,1722.89,42775.29
2022,1,6,4.0918,0.71,85.97,23.08,1718.28,42660.73
2022,1,7,4.3474,0.79,85.78,23.53,1734.68,43068.03
2022,1,8,3.5647,2.3,87.63,24.35,1742.66,43266.14
2022,1,9,4.567,0.3,84.66,24.56,1765.98,43845.14
2022,1,10,4.9745,0.0,81.65,24.97,1784.19,44297.14
2022,1,11,5.1895,0.0,77.9,24.72,1781.32,44225.85
2022,1,12,4.0627,5.56,85.2,23.17,1720.16,42707.49
2022,1,13,2.8214,5.73,85.81,23.02,1694.68,42074.78
2022,1,14,3.1944,2.22,84.95,22.36,1683.78,41804.28
2022,1,15,4.0274,0.48,81.62,21.89,1685.6,41849.44
2022,1,16,4.1741,0.98,83.39,22.32,1699.52,42194.99
2022,1,17,4.3517,0.06,81.38,22.07,1695.91,42105.4
2022,1,18,5.0474,0.02,81.47,22.43,1717.43,42639.73
2022,1,19,3.3161,2.61,86.36,23.78,1723.26,42784.39
2022,1,20,2.9743,4.31,87.72,24.13,1726.45,42863.66
2022,1,21,3.174,8.21,87.82,24.44,1738.12,43153.39
2022,1,22,4.0644,10.07,87.78,24.39,1752.56,43511.84
2022,1,23,4.1674,1.08,86.04,24.6,1759.96,43695.55
2022,1,24,3.9941,0.37,85.37,24.93,1765.63,43836.41
2022,1,25,4.675,5.91,86.08,24.72,1772.17,43998.74
2022,1,26,2.5584,29.75,93.15,24.49,1728.53,42915.23
2022,1,27,4.0702,9.36,90.0,25.03,1769.64,43935.98
2022,1,28,4.0846,2.98,85.78,25.75,1789.01,44416.73
2022,1,29,5.1641,0.03,81.47,26.2,1820.57,45200.35
2022,1,30,4.6745,3.96,84.86,25.81,1801.26,44720.93
2022,1,31,3.8366,4.43,85.7,24.11,1741.12,43227.77
2022,2,1,4.0802,3.54,86.05,23.95,1751.55,43486.73
2022,2,2,3.1841,6.9,87.26,23.91,1734.65,43067.16
2022,2,3,2.9028,13.3,88.62,24.33,1740.76,43218.81
2022,2,4,4.879,1.99,85.08,24.23,1773.2,44024.39
2022,2,5,3.5954,0.99,82.49,24.32,1752.81,43517.96
2022,2,6,4.1491,4.1,83.86,24.06,1755.71,43589.92
2022,2,7,2.8644,10.55,88.69,24.33,1740.07,43201.86
2022,2,8,4.1729,1.21,85.3,25.04,1782.31,44250.48
2022,2,9,4.7232,0.82,84.25,24.55,1779.04,44169.17
2022,2,10,4.4167,1.09,83.92,24.3,1766.87,43867.17
2022,2,11,4.0186,2.07,84.22,24.24,1758.2,43651.77
2022,2,12,3.7423,3.78,87.03,24.36,1756.48,43609.22
2022,2,13,3.9336,11.28,90.17,24.69,1768.68,43912.09
2022,2,14,4.0102,5.09,83.88,25.62,1794.86,44562.0
2022,2,15,4.5874,0.9,82.94,24.83,1784.13,44295.54
2022,2,16,4.6337,3.61,84.92,24.81,1784.42,44302.8
2022,2,17,3.461,6.89,86.12,24.92,1766.33,43853.8
2022,2,18,4.7633,1.88,83.69,25.48,1804.75,44807.52
2022,2,19,4.4357,0.77,82.61,25.77,1806.59,44853.27
2022,2,20,4.7465,2.7,85.74,25.36,1801.22,44719.92
2022,2,21,3.8424,7.81,86.66,24.81,1770.25,43950.94
2022,2,22,2.4938,25.82,89.27,24.87,1747.67,43390.41
2022,2,23,3.4063,6.25,86.26,24.6,1756.87,43618.8
2022,2,24,5.3746,0.72,82.3,24.73,1795.52,44578.54
2022,2,25,5.0904,2.31,83.71,24.36,1780.46,44204.6
2022,2,26,3.8806,8.22,87.14,24.31,1757.61,43637.23
2022,2,27,4.7054,5.67,85.64,24.78,1784.9,44314.68
2022,2,28,5.2315,0.7,82.01,24.48,1786.21,44347.37
2022,3,1,5.555,0.74,82.46,24.77,2136.4,53041.58
2022,3,2,4.4316,2.41,83.32,25.16,2124.93,52756.89
2022,3,3,5.3016,6.67,84.26,25.33,2148.98,53353.88
2022,3,4,4.3658,0.58,81.5,24.76,2110.81,52406.4
2022,3,5,5.8867,0.08,81.95,25.23,2158.29,53585.02
2022,3,6,5.9818,0.0,79.11,24.51,2137.07,53058.25
2022,3,7,6.0302,0.01,76.12,25.42,2167.49,53813.64
2022,3,8,4.5394,0.84,80.47,25.3,2131.69,52924.73
2022,3,9,3.6374,0.68,80.54,24.68,2092.82,51959.59
2022,3,10,4.5634,2.89,82.38,24.87,2118.51,52597.58
2022,3,11,4.5569,3.58,86.38,26.08,2156.9,53550.59
2022,3,12,5.9412,11.75,83.64,26.96,2215.3,55000.46
2022,3,13,3.8918,20.34,88.84,25.97,2139.01,53106.47
2022,3,14,4.939,9.07,85.63,26.39,2175.08,54002.1
2022,3,15,4.919,4.05,83.09,26.72,2185.19,54253.09
2022,3,16,4.7064,5.12,87.52,26.4,2170.34,53884.33
2022,3,17,5.3266,2.47,86.49,26.48,2186.41,54283.23
2022,3,18,5.7,1.23,82.34,26.57,2197.44,54557.22
2022,3,19,5.4751,1.31,83.64,26.38,2186.43,54283.8
2022,3,20,5.8826,2.53,87.73,26.0,2183.04,54199.59
2022,3,21,5.3201,1.64,83.45,26.32,2181.13,54152.27
2022,3,22,6.1046,0.51,83.55,26.79,2213.39,54953.03
2022,3,23,6.0353,1.9,80.45,27.1,2221.88,55164.04
2022,3,24,6.0931,2.26,82.27,26.37,2199.56,54609.66
2022,3,25,5.7353,1.33,81.68,26.8,2205.62,54760.3
2022,3,26,6.3178,1.1,82.18,26.87,2220.65,55133.26
2022,3,27,5.9676,0.89,80.9,26.98,2216.52,55030.88
2022,3,28,5.6719,1.07,80.28,26.51,2194.9,54494.04
2022,3,29,5.2846,5.03,86.11,26.06,2172.02,53926.09
2022,3,30,6.1186,7.27,84.62,26.35,2199.46,54607.38
2022,3,31,5.6676,1.2,82.67,26.61,2198.02,54571.64
2022,4,1,5.28,10.89,85.25,26.19,2188.92,54345.55
2022,4,2,6.4226,1.05,78.15,25.55,2192.98,54446.36
2022,4,3,6.2971,0.09,76.74,25.47,2187.66,54314.27
2022,4,4,5.9227,14.15,79.52,25.56,2182.49,54186.06
2022,4,5,0.7478,41.37,88.39,25.83,2078.9,51614.09
2022,4,6,3.4786,18.9,88.56,25.41,2124.89,52755.83
2022,4,7,4.4902,5.23,85.42,25.86,2161.12,53655.32
2022,4,8,2.9302,9.43,87.39,25.63,2119.99,52634.12
2022,4,9,5.6882,9.52,83.41,26.07,2193.94,54470.27
2022,4,10,3.7454,4.5,87.14,25.3,2127.15,52812.01
2022,4,11,3.2184,16.27,90.59,25.07,2108.53,52349.74
2022,4,12,3.3336,12.72,81.43,26.54,2157.5,53565.59
2022,4,13,4.2235,4.63,81.38,26.61,2179.26,54105.82
2022,4,14,6.4572,1.68,79.17,27.13,2245.29,55745.19
2022,4,15,6.2582,2.68,80.82,27.13,2240.89,55635.85
2022,4,16,4.7446,14.02,89.55,25.66,2160.23,53633.19
2022,4,17,3.0578,7.9,85.15,25.62,2122.43,52694.87
2022,4,18,6.5784,1.34,81.29,25.47,2193.73,54465.1
2022,4,19,5.9318,0.69,81.12,25.35,2175.87,54021.67
2022,4,20,4.6699,1.02,81.23,25.99,2169.19,53855.71
2022,4,21,6.3065,2.6,83.58,27.0,2237.72,55557.21
2022,4,22,5.9311,6.3,85.92,26.67,2218.71,55085.33
2022,4,23,7.0572,2.33,81.2,26.45,2236.25,55520.6
2022,4,24,6.2892,4.54,82.54,27.28,2246.46,55774.23
2022,4,25,4.4201,6.21,88.11,26.51,2180.38,54133.62
2022,4,26,4.9987,5.59,89.86,26.37,2188.57,54336.86
2022,4,27,5.8202,12.13,87.89,26.62,2214.66,54984.54
2022,4,28,5.833,7.65,88.39,26.51,2211.37,54902.94
2022,4,29,5.7506,3.6,85.42,27.2,2231.92,55413.28
2022,4,30,5.3789,1.17,84.31,26.89,2213.68,54960.32
2022,5,1,6.0242,0.28,79.61,27.45,2193.47,54458.46
2022,5,2,6.2194,0.17,78.43,27.41,2196.43,54532.11
2022,5,3,6.0074,0.1,77.98,27.53,2195.64,54512.43
2022,5,4,6.756,0.63,77.94,27.5,2210.95,54892.63
2022,5,5,6.522,0.37,77.39,27.81,2215.76,55011.86
2022,5,6,7.0327,0.52,79.08,27.75,2224.98,55240.85
2022,5,7,6.3677,0.26,79.71,27.86,2213.98,54967.78
2022,5,8,6.6828,0.45,78.82,27.79,2218.63,55083.13
2022,5,9,6.8616,0.69,78.06,27.39,2209.73,54862.21
2022,5,10,6.4176,1.08,78.57,27.14,2192.13,54425.33
2022,5,11,6.3482,0.44,76.81,27.8,2211.64,54909.78
2022,5,12,6.9314,0.34,75.84,28.34,2241.66,55655.05
2022,5,13,6.4205,9.1,77.88,28.67,2240.94,55637.13
2022,5,14,5.9767,4.78,75.12,29.21,2248.26,55818.95
2022,5,15,4.517,24.89,84.17,27.8,2171.68,53917.65
2022,5,16,4.2499,12.26,81.95,27.77,2164.92,53749.71
2022,5,17,5.118,15.54,84.71,27.07,2161.84,53673.24
2022,5,18,4.6001,11.5,85.98,26.69,2138.77,53100.41
2022,5,19,4.1299,11.15,87.28,26.38,2119.02,52610.05
2022,5,20,4.9279,16.13,83.91,26.43,2137.64,53072.53
2022,5,21,5.0921,6.36,77.93,27.18,2164.74,53745.23
2022,5,22,5.1154,9.55,81.2,27.21,2166.19,53781.16
2022,5,23,5.4151,14.56,81.4,27.67,2187.18,54302.42
2022,5,24,6.5201,3.85,80.68,27.88,2217.95,55066.25
2022,5,25,5.521,2.57,81.68,27.63,2188.22,54328.33
2022,5,26,6.1248,6.7,82.03,27.78,2206.13,54772.97
2022,5,27,6.4901,13.15,80.63,27.77,2213.78,54962.91
2022,5,28,3.204,8.34,87.83,26.39,2099.53,52126.32
2022,5,29,6.3502,0.87,78.89,27.36,2197.68,54563.06
2022,5,30,5.6674,1.82,80.14,27.72,2194.26,54478.11
2022,5,31,5.0839,5.46,83.72,26.78,2151.98,53428.59
2022,6,1,2.2858,10.28,92.64,26.11,1942.5,48227.58
2022,6,2,6.5302,7.08,89.06,26.44,2037.12,50576.73
2022,6,3,6.8698,4.78,79.23,27.45,2074.24,51498.44
2022,6,4,6.775,0.19,74.84,28.37,2099.9,52135.37
2022,6,5,6.5201,0.62,72.23,28.9,2110.49,52398.33
2022,6,6,6.3442,2.96,73.94,28.65,2099.37,52122.23
2022,6,7,6.3082,3.44,79.26,27.62,2067.88,51340.5
2022,6,8,5.293,3.43,76.71,28.1,2061.34,51178.13
2022,6,9,5.8567,2.76,82.19,27.34,2050.35,50905.14
2022,6,10,6.6365,2.78,82.76,27.52,2071.59,51432.54
2022,6,11,6.3278,3.79,83.03,27.13,2053.65,50987.28
2022,6,12,5.1216,7.95,82.14,27.63,2043.96,50746.49
2022,6,13,6.3209,8.0,79.89,28.15,2083.96,51739.71
2022,6,14,6.2431,6.69,84.87,26.98,2047.46,50833.58
2022,6,15,5.3952,5.03,79.46,27.31,2040.08,50650.18
2022,6,16,5.2591,11.21,80.86,27.72,2049.42,50882.18
2022,6,17,6.5964,6.38,80.73,27.8,2079.15,51620.31
2022,6,18,5.6995,5.13,84.69,27.21,2043.29,50730.05
2022,6,19,6.4476,4.08,81.19,27.74,2074.31,51500.19
2022,6,20,6.1308,6.85,84.26,27.28,2054.13,50999.11
2022,6,21,4.739,6.41,86.58,26.49,2002.65,49720.92
2022,6,22,5.8572,17.93,87.61,26.11,2013.81,49998.04
2022,6,23,4.6039,9.86,84.01,26.76,2007.86,49850.28
2022,6,24,4.8288,5.42,86.04,26.63,2008.57,49867.91
2022,6,25,4.0886,2.15,82.04,27.28,2012.65,49969.25
2022,6,26,3.667,16.02,86.07,26.98,1995.37,49540.14
2022,6,27,3.9929,21.93,87.78,26.24,1980.38,49167.97
2022,6,28,3.4363,40.83,91.46,25.61,1950.97,48437.93
2022,6,29,4.5814,13.94,86.65,25.84,1980.42,49168.93
2022,6,30,4.7558,6.99,89.17,26.57,2005.34,49787.67
2022,7,1,4.721,6.24,90.76,26.18,2005.07,49780.99
2022,7,2,4.5132,2.23,89.87,26.0,1995.58,49545.46
2022,7,3,4.7117,0.07,84.66,26.87,2025.27,50282.57
2022,7,4,4.4405,5.45,82.49,27.6,2041.27,50679.92
2022,7,5,3.954,5.07,79.94,27.66,2033.05,50475.66
2022,7,6,4.5883,13.25,84.62,26.9,2023.65,50242.33
2022,7,7,4.3687,13.37,86.05,27.02,2022.72,50219.27
2022,7,8,4.014,16.07,91.57,26.01,1985.86,49304.2
2022,7,9,5.4173,13.13,87.12,27.19,2049.12,50874.82
2022,7,10,5.406,12.27,84.23,27.94,2071.21,51423.17
2022,7,11,5.2188,12.97,84.14,27.78,2062.6,51209.32
2022,7,12,2.2546,14.05,80.96,28.04,2009.09,49880.73
2022,7,13,4.555,1.13,84.49,26.91,2023.27,50232.85
2022,7,14,6.1586,0.53,81.98,27.66,2078.34,51600.21
2022,7,15,6.053,1.74,78.44,28.29,2095.04,52014.77
2022,7,16,5.8361,13.19,81.07,28.69,2102.5,52199.9
2022,7,17,4.9675,15.93,86.19,27.25,2041.72,50691.07
2022,7,18,4.067,12.71,88.21,26.33,1996.32,49563.85
2022,7,19,5.963,7.24,83.29,26.94,2052.78,50965.58
2022,7,20,3.6806,18.59,86.8,27.01,2008.42,49864.26
2022,7,21,1.2358,18.37,91.35,26.72,1950.39,48423.53
2022,7,22,5.4648,11.27,88.53,27.16,2049.2,50876.71
2022,7,23,5.6868,5.49,86.06,27.36,2059.7,51137.3
2022,7,24,6.2472,4.37,85.14,27.16,2065.16,51272.93
2022,7,25,5.623,4.55,84.07,26.99,2047.36,50830.96
2022,7,26,5.2051,2.45,79.36,28.06,2070.63,51408.76
2022,7,27,5.3825,3.44,88.01,27.04,2043.95,50746.4
2022,7,28,5.1528,6.25,90.1,26.76,2030.96,50423.95
2022,7,29,4.6291,9.2,91.75,26.65,2017.1,50079.65
2022,7,30,3.7289,18.66,90.06,26.44,1992.73,49474.6
2022,7,31,4.1616,25.89,89.87,26.01,1988.82,49377.7
2022,8,1,4.842,15.22,89.24,25.87,2010.18,49907.81
2022,8,2,4.6248,8.96,83.15,26.83,2034.31,50507.11
2022,8,3,4.9846,2.72,83.27,27.18,2052.09,50948.53
2022,8,4,3.3139,20.2,89.26,26.44,1996.12,49558.73
2022,8,5,0.942,70.65,94.93,25.13,1910.49,47432.85
2022,8,6,4.0363,13.22,89.79,25.39,1979.78,49153.22
2022,8,7,2.9402,2.66,88.38,25.29,1954.95,48536.72
2022,8,8,3.2402,4.6,90.69,25.32,1961.82,48707.21
2022,8,9,5.0935,8.44,88.61,26.07,2021.21,50181.7
2022,8,10,5.0366,5.41,89.75,26.06,2019.76,50145.77
2022,8,11,5.1622,2.91,88.52,25.83,2015.43,50038.22
2022,8,12,6.271,4.71,83.84,27.09,2075.78,51536.58
2022,8,13,5.245,15.96,85.43,26.91,2049.37,50880.89
2022,8,14,3.4042,6.8,82.79,27.41,2026.4,50310.73
2022,8,15,2.9683,14.51,93.01,25.71,1967.78,48855.19
2022,8,16,5.3328,1.62,88.28,26.08,2026.34,50309.09
2022,8,17,3.5808,1.56,89.65,25.89,1985.37,49291.97
2022,8,18,4.3985,4.72,87.06,25.84,2000.36,49664.05
2022,8,19,4.9706,3.41,81.78,26.72,2038.1,50601.03
2022,8,20,4.849,2.91,82.31,26.81,2038.3,50606.0
2022,8,21,4.998,3.91,84.08,26.74,2039.25,50629.7
2022,8,22,1.0342,19.4,93.79,25.54,1924.06,47769.85
2022,8,23,2.2414,31.08,91.98,25.13,1936.36,48075.26
2022,8,24,3.8179,14.05,89.56,25.93,1991.32,49439.78
2022,8,25,5.7811,1.71,83.93,26.96,2061.83,51190.3
2022,8,26,5.6242,4.81,85.59,26.59,2047.52,50835.04
2022,8,27,2.8514,16.42,85.7,26.54,1989.64,49398.02
2022,8,28,5.2949,16.08,90.35,26.43,2036.04,50549.91
2022,8,29,6.1867,8.07,84.59,27.05,2072.84,51463.72
2022,8,30,4.2041,6.78,82.69,27.47,2044.65,50763.75
2022,8,31,3.8405,7.77,89.8,26.66,2013.29,49985.13
2022,9,1,5.5882,6.73,89.39,26.18,1860.44,46190.29
2022,9,2,3.0156,16.53,93.38,25.99,1807.78,44882.9
2022,9,3,3.0283,23.73,92.85,25.99,1808.02,44888.72
2022,9,4,4.9495,6.82,92.17,26.31,1852.17,45984.94
2022,9,5,4.7431,2.53,89.0,26.32,1848.62,45896.73
2022,9,6,5.5548,5.93,84.34,26.87,1878.74,46644.55
2022,9,7,6.0058,5.27,87.11,26.83,1886.06,46826.41
2022,9,8,6.6814,1.2,81.99,28.08,1933.33,47999.88
2022,9,9,4.5619,25.45,90.94,26.78,1857.75,46123.33
2022,9,10,3.8568,8.47,92.94,25.71,1815.75,45080.76
2022,9,11,5.4569,5.62,88.83,26.01,1853.36,46014.41
2022,9,12,5.0033,1.57,87.91,26.37,1854.8,46050.3
2022,9,13,5.3525,0.66,89.28,26.37,1861.28,46211.11
2022,9,14,5.4703,2.74,88.38,26.64,1870.86,46448.95
2022,9,15,5.088,1.23,89.51,26.45,1858.56,46143.5
2022,9,16,4.9435,15.57,91.0,25.51,1830.26,45441.03
2022,9,17,4.9687,4.57,85.69,25.85,1839.99,45682.53
2022,9,18,5.1845,2.4,87.83,26.1,1850.79,45950.66
2022,9,19,3.1742,18.96,92.68,25.92,1808.84,44909.02
2022,9,20,2.2514,13.26,90.11,25.52,1781.23,44223.6
2022,9,21,5.1917,12.18,88.61,25.38,1831.26,45465.72
2022,9,22,3.9065,4.94,85.76,26.03,1825.29,45317.64
2022,9,23,4.6879,16.92,91.98,25.26,1818.79,45156.14
2022,9,24,5.1917,7.21,86.44,26.07,1850.1,45933.62
2022,9,25,0.7877,73.23,95.02,25.24,1747.11,43376.48
2022,9,26,4.6363,24.88,88.61,26.4,1848.81,45901.53
2022,9,27,4.6219,31.29,93.12,25.78,1831.71,45476.86
2022,9,28,5.1058,11.91,89.94,26.4,1857.52,46117.83
2022,9,29,4.4906,7.25,84.9,26.92,1860.21,46184.57
2022,9,30,3.8815,9.82,91.65,25.37,1807.04,44864.48
2022,10,1,5.3962,4.32,89.4,25.93,1806.69,44855.71
2022,10,2,3.5777,16.29,93.97,25.57,1764.52,43808.67
2022,10,3,1.8487,15.58,93.91,25.93,1742.85,43270.73
2022,10,4,4.4832,4.8,92.84,25.7,1784.17,44296.56
2022,10,5,4.459,3.93,91.76,25.77,1785.59,44331.8
2022,10,6,5.1492,5.35,92.84,25.78,1798.24,44646.06
2022,10,7,4.4162,6.28,90.91,25.91,1788.52,44404.72
2022,10,8,4.7364,7.9,90.63,26.03,1797.47,44626.84
2022,10,9,5.9004,6.02,87.98,26.13,1821.13,45214.36
2022,10,10,6.317,2.22,82.55,26.91,1849.69,45923.38
2022,10,11,5.8073,4.35,84.03,27.24,1849.24,45912.23
2022,10,12,4.1378,3.02,86.8,26.74,1805.42,44824.23
2022,10,13,4.3214,13.46,85.22,26.97,1814.85,45058.24
2022,10,14,4.9805,16.34,89.06,26.35,1810.39,44947.53
2022,10,15,5.4221,4.58,90.65,26.41,1819.99,45185.88
2022,10,16,4.565,1.51,89.41,26.53,1807.63,44879.19
2022,10,17,4.1942,2.22,90.61,26.47,1799.32,44672.71
2022,10,18,4.5962,3.35,83.96,27.05,1821.99,45235.57
2022,10,19,4.1419,28.3,88.75,26.5,1799.16,44668.82
2022,10,20,3.5465,25.89,89.32,26.43,1786.52,44354.96
2022,10,21,4.6603,6.08,86.56,26.59,1810.96,44961.67
2022,10,22,4.7251,6.44,87.35,26.55,1811.07,44964.54
2022,10,23,4.3147,10.9,92.19,25.95,1787.75,44385.64
2022,10,24,4.8281,5.89,89.9,26.19,1803.37,44773.44
2022,10,25,0.9446,70.72,93.15,26.08,1730.41,42961.92
2022,10,26,3.0982,23.97,89.68,25.72,1759.85,43692.83
2022,10,27,4.5617,3.29,86.9,26.2,1798.83,44660.54
2022,10,28,0.9125,37.9,94.47,26.13,1731.11,42979.24
2022,10,29,0.6415,160.1,92.55,26.1,1725.45,42838.84
2022,10,30,3.2642,51.83,90.59,26.18,1774.86,44065.53
2022,10,31,3.4044,7.82,95.06,26.28,1780.01,44193.44
2022,11,1,3.503,5.64,92.5,26.18,1700.36,42215.77
2022,11,2,4.9687,0.34,84.53,26.53,1734.56,43064.95
2022,11,3,4.4018,3.05,84.55,26.47,1723.21,42783.07
2022,11,4,3.7051,14.25,90.99,25.56,1688.28,41915.82
2022,11,5,3.937,19.45,91.36,25.59,1693.0,42033.04
2022,11,6,4.0044,8.98,91.44,25.47,1691.13,41986.63
2022,11,7,3.8539,2.47,90.4,26.14,1705.41,42341.18
2022,11,8,1.8425,1.67,92.91,25.76,1661.35,41247.2
2022,11,9,3.9211,4.24,91.26,25.71,1695.75,42101.27
2022,11,10,4.1542,6.6,91.28,26.42,1717.65,42645.18
2022,11,11,3.3934,4.99,91.99,26.03,1694.71,42075.57
2022,11,12,3.4123,6.98,93.88,25.73,1687.52,41897.16
2022,11,13,3.5141,8.56,94.47,25.64,1687.01,41884.49
2022,11,14,4.8518,12.03,90.38,26.17,1723.39,42787.52
2022,11,15,3.3593,11.4,91.01,25.6,1683.36,41793.82
2022,11,16,4.0114,7.31,90.44,25.53,1692.76,42027.13
2022,11,17,4.1645,27.98,94.06,25.39,1691.84,42004.42
2022,11,18,2.4161,16.32,93.1,25.02,1652.84,41036.14
2022,11,19,1.531,17.98,93.79,25.04,1638.32,40675.49
2022,11,20,3.4678,13.65,95.79,24.98,1669.69,41454.29
2022,11,21,2.5164,13.73,95.67,25.44,1664.97,41337.11
2022,11,22,4.2955,6.71,90.76,25.98,1708.98,42429.97
2022,11,23,3.7123,5.93,92.54,25.85,1695.68,42099.7
2022,11,24,4.493,1.65,90.81,25.91,1710.61,42470.37
2022,11,25,4.1993,0.88,88.03,25.76,1701.78,42251.01
2022,11,26,5.0083,0.35,86.59,25.56,1710.57,42469.23
2022,11,27,5.5406,0.01,84.73,24.59,1694.86,42079.23
2022,11,28,3.8926,1.49,88.29,25.43,1688.21,41914.23
2022,11,29,4.3464,3.57,92.21,25.81,1705.56,42345.04
2022,11,30,3.6202,10.88,91.05,25.82,1693.35,42041.73
2022,12,1,2.9381,25.49,93.92,25.37,1680.39,41719.91
2022,12,2,3.2225,7.57,90.24,25.39,1685.77,41853.54
2022,12,3,4.11,5.64,89.64,25.43,1702.01,42256.91
2022,12,4,3.8285,7.57,90.07,25.63,1702.24,42262.49
2022,12,5,2.1991,4.33,93.12,25.25,1664.72,41330.99
2022,12,6,3.9682,1.63,89.33,25.64,1704.9,42328.52
2022,12,7,4.9795,0.95,88.34,25.36,1715.16,42583.16
2022,12,8,4.4002,5.03,85.03,25.09,1698.35,42165.88
2022,12,9,1.1777,17.35,90.9,25.28,1647.97,40915.01
2022,12,10,2.2613,24.13,87.64,25.63,1675.25,41592.3
2022,12,11,2.5745,1.78,82.9,26.37,1699.12,42185.06
2022,12,12,3.4538,0.64,83.02,25.91,1702.84,42277.43
2022,12,13,3.2628,2.93,90.52,25.41,1686.96,41883.2
2022,12,14,2.3652,27.26,94.33,25.34,1669.81,41457.31
2022,12,15,3.2112,11.57,91.71,25.85,1697.14,42135.81
2022,12,16,3.8354,4.85,94.12,25.49,1698.82,42177.51
2022,12,17,2.5627,11.44,94.04,25.54,1678.19,41665.39
2022,12,18,2.6818,32.02,91.27,23.93,1639.99,40716.9
2022,12,19,2.1398,28.02,90.82,23.45,1618.95,40194.69
2022,12,20,2.3527,24.38,91.44,24.3,1643.68,40808.61
2022,12,21,3.9972,4.8,87.79,25.2,1694.25,42064.13
2022,12,22,3.4541,2.48,87.12,23.67,1646.4,40876.16
2022,12,23,2.5622,1.56,86.24,22.56,1603.77,39817.71
2022,12,24,2.6873,6.47,89.6,21.23,1572.57,39043.17
2022,12,25,2.3892,4.55,86.67,21.06,1563.54,38818.82
2022,12,26,2.6282,2.59,86.59,21.0,1565.87,38876.86
2022,12,27,3.4858,2.47,88.24,21.36,1588.7,39443.66
2022,12,28,3.1339,10.34,87.83,22.43,1609.9,39969.97
2022,12,29,2.5584,15.96,93.72,23.72,1632.67,40535.28
2022,12,30,3.3094,5.85,92.9,25.06,1678.96,41684.42
2022,12,31,2.4091,14.73,91.07,24.85,1658.34,41172.7
2023,1,1,3.5568,17.84,94.84,24.83,1801.08,44716.5
2023,1,2,3.1961,16.73,90.9,24.98,1798.54,44653.35
2023,1,3,2.0407,35.36,93.12,24.55,1765.91,43843.24
2023,1,4,1.7518,46.31,91.08,24.32,1754.54,43560.88
2023,1,5,2.1358,58.88,92.38,24.66,1770.58,43959.11
2023,1,6,2.4298,45.96,94.74,24.3,1766.29,43852.84
2023,1,7,3.6533,9.44,88.22,23.39,1763.8,43790.99
2023,1,8,3.1195,1.57,86.05,22.38,1727.03,42877.87
2023,1,9,3.4037,1.7,88.35,22.67,1739.87,43196.78
2023,1,10,3.8616,1.93,89.54,23.32,1765.63,43836.24
2023,1,11,3.8604,0.84,87.65,23.33,1765.88,43842.45
2023,1,12,3.751,0.91,87.47,23.33,1763.92,43793.93
2023,1,13,2.7751,8.52,90.21,23.54,1752.13,43501.24
2023,1,14,1.9313,9.82,93.12,23.95,1747.93,43396.99
2023,1,15,3.12,41.18,93.39,24.08,1772.88,44016.21
2023,1,16,2.8385,11.42,92.25,24.17,1770.21,43950.01
2023,1,17,2.1953,14.7,91.4,23.88,1750.83,43468.76
2023,1,18,2.9287,10.33,92.87,23.75,1760.54,43709.9
2023,1,19,3.2045,2.17,89.51,24.05,1773.59,44034.02
2023,1,20,1.9397,12.94,90.46,24.07,1751.28,43480.12
2023,1,21,2.2961,15.2,91.1,23.79,1750.23,43454.09
2023,1,22,3.3202,6.86,90.65,24.22,1780.28,44199.94
2023,1,23,4.3891,1.16,88.73,24.4,1804.55,44802.53
2023,1,24,4.2713,2.19,88.21,24.42,1802.95,44762.97
2023,1,25,4.2665,4.7,87.46,22.23,1743.12,43277.51
2023,1,26,3.8638,1.5,87.31,22.44,1741.76,43243.6
2023,1,27,2.4811,11.41,91.03,23.14,1736.15,43104.39
2023,1,28,2.7082,6.91,87.77,21.93,1707.7,42398.13
2023,1,29,3.7073,2.87,87.05,21.77,1720.82,42723.91
2023,1,30,3.9595,1.54,86.98,22.73,1751.33,43481.27
2023,1,31,3.2016,1.47,87.26,23.08,1747.36,43382.78
2023,2,1,4.1849,4.94,89.12,24.25,1807.47,44875.03
2023,2,2,3.9974,5.91,90.06,24.84,1820.2,45191.1
2023,2,3,4.6169,1.93,87.46,24.28,1816.16,45090.99
2023,2,4,4.8641,0.38,85.46,23.58,1801.35,44723.07
2023,2,5,3.7879,5.33,89.05,23.71,1785.48,44329.26
2023,2,6,3.5021,4.88,89.03,24.34,1797.47,44626.95
2023,2,7,3.84,3.05,89.22,24.74,1814.57,45051.4
2023,2,8,4.1626,4.03,87.71,23.7,1791.98,44490.59
2023,2,9,4.5859,1.1,86.19,23.35,1790.0,44441.27
2023,2,10,5.069,0.05,86.68,24.09,1819.15,45165.13
2023,2,11,4.4832,0.52,86.06,24.27,1813.45,45023.64
2023,2,12,5.1912,0.59,86.24,24.35,1828.57,45399.08
2023,2,13,4.7434,0.83,84.93,23.85,1806.61,44853.87
2023,2,14,4.889,0.22,84.3,23.54,1800.69,44706.8
2023,2,15,5.1425,0.81,81.45,23.06,1791.97,44490.33
2023,2,16,3.7589,3.33,82.36,23.06,1767.21,43875.63
2023,2,17,5.0417,1.36,81.17,22.73,1781.04,44218.94
2023,2,18,3.5434,9.11,90.46,22.84,1757.36,43631.09
2023,2,19,1.878,29.96,93.58,23.69,1750.43,43458.92
2023,2,20,3.367,20.38,88.74,24.91,1810.51,44950.59
2023,2,21,3.2964,1.84,84.46,24.74,1804.59,44803.63
2023,2,22,5.6035,0.21,81.05,24.31,1834.99,45558.29
2023,2,23,6.1889,0.01,75.33,25.74,1885.67,46816.57
2023,2,24,6.0182,0.08,79.31,26.22,1895.89,47070.41
2023,2,25,3.8518,3.34,86.52,25.49,1835.28,45565.66
2023,2,26,3.8239,9.32,87.66,24.53,1808.54,44901.62
2023,2,27,3.9946,3.4,84.25,23.48,1782.93,44265.73
2023,2,28,4.1969,0.68,82.44,23.65,1791.23,44471.93
2023,3,1,4.1054,2.87,86.04,24.77,2160.65,53643.65
2023,3,2,4.5598,0.83,81.02,23.74,2136.9,53054.13
2023,3,3,5.215,1.04,77.76,22.55,2111.83,52431.67
2023,3,4,5.31,0.22,80.09,23.0,2128.65,52849.14
2023,3,5,5.5735,0.46,79.06,22.92,2131.6,52922.41
2023,3,6,5.8356,0.02,77.59,22.73,2130.87,52904.24
2023,3,7,5.273,0.12,80.72,23.31,2138.06,53082.9
2023,3,8,5.3606,0.16,80.96,23.98,2161.99,53677.11
2023,3,9,6.0005,0.17,79.73,24.2,2183.07,54200.39
2023,3,10,4.7657,1.45,82.33,23.62,2137.39,53066.32
2023,3,11,5.1382,1.16,80.74,23.11,2128.61,52848.37
2023,3,12,6.4651,1.17,80.29,23.51,2170.14,53879.31
2023,3,13,4.3032,3.23,82.01,23.36,2119.01,52609.95
2023,3,14,6.5556,0.33,78.84,23.74,2179.74,54117.67
2023,3,15,5.1298,0.67,82.13,24.69,2180.35,54132.88
2023,3,16,5.6618,0.79,80.8,25.37,2214.4,54978.17
2023,3,17,4.997,0.95,80.71,24.97,2186.65,54289.2
2023,3,18,5.7233,0.03,79.9,25.21,2210.46,54880.46
2023,3,19,6.1495,0.05,78.39,24.58,2198.9,54593.5
2023,3,20,6.4282,0.09,80.62,24.34,2196.98,54545.6
2023,3,21,6.823,0.0,77.92,24.69,2217.22,55048.26
2023,3,22,6.5954,0.0,79.02,25.71,2246.27,55769.5
2023,3,23,6.8206,0.31,77.55,26.54,2278.98,56581.66
2023,3,24,5.5685,2.55,81.95,26.96,2264.82,56230.0
2023,3,25,6.0737,0.75,79.46,27.04,2278.85,56578.34
2023,3,26,6.2707,0.08,76.36,26.8,2275.32,56490.6
2023,3,27,6.4529,0.3,78.01,26.53,2270.42,56369.06
2023,3,28,6.0475,0.43,78.33,26.64,2265.0,56234.37
2023,3,29,5.838,0.17,76.51,26.24,2247.06,55789.16
2023,3,30,5.8246,1.11,78.29,26.91,2268.93,56332.12
2023,3,31,5.4437,1.83,78.72,27.14,2267.94,56307.52
2023,4,1,6.4178,0.61,75.46,26.97,2297.74,57047.38
2023,4,2,5.9926,1.17,74.91,27.3,2299.11,57081.34
2023,4,3,5.5858,3.03,78.28,26.73,2270.92,56381.55
2023,4,4,4.345,4.01,79.17,25.76,2211.1,54896.3
2023,4,5,5.7149,0.01,71.59,25.46,2231.62,55405.66
2023,4,6,6.2753,0.1,73.96,25.64,2250.05,55863.35
2023,4,7,6.3108,0.08,71.5,27.01,2296.66,57020.41
2023,4,8,5.7346,0.27,74.66,26.75,2274.95,56481.46
2023,4,9,4.5286,2.82,78.31,26.35,2234.57,55479.0
2023,4,10,5.3712,0.43,73.87,26.63,2262.77,56179.0
2023,4,11,4.7549,0.14,70.65,26.63,2248.87,55834.05
2023,4,12,1.4827,9.92,72.56,27.35,2198.03,54571.86
2023,4,13,1.764,32.19,81.86,27.29,2202.53,54683.39
2023,4,14,4.4455,13.71,82.34,26.77,2246.49,55774.97
2023,4,15,5.4437,1.21,77.52,27.51,2293.58,56943.96
2023,4,16,4.7611,2.89,77.25,28.06,2296.1,57006.65
2023,4,17,5.0513,3.22,75.26,28.56,2319.29,57582.45
2023,4,18,6.199,1.68,79.27,27.8,2320.51,57612.68
2023,4,19,6.5887,0.03,74.0,28.55,2354.6,58458.95
2023,4,20,7.135,0.0,69.33,29.44,2397.26,59518.27
2023,4,21,6.534,0.2,71.26,29.42,2382.49,59151.4
2023,4,22,6.161,3.29,77.18,28.22,2333.66,57939.24
2023,4,23,6.4034,2.75,78.11,27.94,2329.88,57845.39
2023,4,24,5.2502,1.72,75.65,27.48,2288.17,56809.62
2023,4,25,4.979,0.66,76.3,27.02,2266.79,56279.03
2023,4,26,6.2182,0.09,74.1,27.42,2308.25,57308.39
2023,4,27,6.4099,0.62,75.3,27.37,2310.95,57375.37
2023,4,28,6.8376,1.04,75.54,27.67,2330.78,57867.73
2023,4,29,5.1307,2.4,76.83,28.46,2317.83,57546.09
2023,4,30,6.5743,4.58,79.72,28.05,2337.5,58034.44
2023,5,1,6.7164,2.04,78.22,28.13,2288.53,56818.67
2023,5,2,6.6252,2.74,74.93,27.9,2278.94,56580.66
2023,5,3,4.1299,7.41,82.88,27.26,2202.54,54683.63
2023,5,4,4.7736,12.0,84.09,27.44,2222.63,55182.45
2023,5,5,5.9659,3.84,80.51,28.15,2272.3,56415.6
2023,5,6,6.6814,0.28,73.33,28.51,2300.2,57108.36
2023,5,7,6.7747,0.08,72.41,29.49,2334.46,57958.99
2023,5,8,6.5107,1.18,73.16,29.76,2337.24,58028.0
2023,5,9,6.0146,3.57,83.52,27.57,2254.51,55973.92
2023,5,10,3.8738,9.0,83.38,27.86,2215.97,55017.14
2023,5,11,3.2748,5.3,83.74,27.31,2185.12,54251.25
2023,5,12,4.0195,6.05,79.45,27.88,2219.87,55114.07
2023,5,13,6.2357,3.85,78.6,27.89,2269.88,56355.7
2023,5,14,4.8122,5.58,76.67,29.69,2295.88,57001.15
2023,5,15,5.1048,7.71,77.64,28.97,2279.38,56591.41
2023,5,16,5.5798,3.6,76.84,28.76,2283.38,56690.89
2023,5,17,5.2406,3.81,80.72,28.2,2257.59,56050.45
2023,5,18,5.0885,2.87,75.19,29.26,2288.36,56814.49
2023,5,19,5.8538,5.6,77.14,28.86,2292.85,56926.05
2023,5,20,3.8815,10.26,77.7,28.22,2227.62,55306.32
2023,5,21,5.8603,3.0,72.15,29.42,2311.21,57381.75
2023,5,22,6.2297,1.03,77.85,28.34,2284.43,56716.94
2023,5,23,6.2599,3.95,80.47,27.99,2273.69,56450.21
2023,5,24,5.639,3.84,75.37,28.95,2290.89,56877.29
2023,5,25,5.8301,8.55,73.72,29.08,2299.47,57090.2
2023,5,26,5.6345,8.66,80.46,27.91,2257.05,56037.13
2023,5,27,6.2273,6.77,76.18,28.41,2286.66,56772.3
2023,5,28,6.5618,3.0,76.59,28.64,2301.75,57146.85
2023,5,29,5.9998,3.8,81.24,28.67,2289.99,56854.87
2023,5,30,5.1271,4.56,82.71,28.13,2252.77,55930.89
2023,5,31,4.5682,6.27,83.72,28.18,2241.8,55658.53
2023,6,1,5.557,4.35,85.4,27.92,2115.33,52518.51
2023,6,2,5.0071,3.41,86.56,27.81,2100.44,52148.75
2023,6,3,5.6662,3.09,84.65,27.87,2116.1,52537.77
2023,6,4,5.2925,9.63,81.28,27.98,2111.58,52425.53
2023,6,5,4.5451,11.26,83.63,27.43,2079.3,51623.93
2023,6,6,4.813,18.29,80.4,28.09,2104.81,52257.29
2023,6,7,5.6772,6.17,79.91,28.12,2123.94,52732.41
2023,6,8,5.9842,4.84,83.84,27.62,2115.16,52514.25
2023,6,9,5.9071,5.46,81.31,28.03,2126.05,52784.67
2023,6,10,4.2648,20.48,90.93,26.9,2057.54,51083.7
2023,6,11,3.3415,21.59,94.14,26.66,2031.27,50431.41
2023,6,12,4.8888,4.09,89.42,26.88,2069.87,51389.83
2023,6,13,5.6021,2.31,88.49,27.26,2096.21,52043.73
2023,6,14,5.3988,2.17,87.79,27.32,2093.79,51983.77
2023,6,15,5.0647,9.3,87.28,27.33,2087.13,51818.29
2023,6,16,5.3117,6.17,85.78,27.33,2092.28,51946.2
2023,6,17,6.4226,7.24,83.51,27.78,2129.25,52864.02
2023,6,18,6.7008,4.89,82.34,27.69,2132.32,52940.33
2023,6,19,6.7291,6.57,74.47,29.0,2173.2,53955.27
2023,6,20,6.0134,12.64,76.55,29.02,2158.52,53590.84
2023,6,21,6.5078,4.0,76.05,29.36,2179.52,54112.17
2023,6,22,6.2813,5.3,79.78,28.61,2151.69,53421.3
2023,6,23,6.6374,5.71,83.19,27.59,2127.92,52831.04
2023,6,24,5.3407,5.73,82.85,27.43,2095.92,52036.53
2023,6,25,4.8002,9.63,87.45,26.28,2049.93,50894.83
2023,6,26,3.7154,16.64,88.94,26.37,2030.33,50408.29
2023,6,27,4.4417,8.38,84.17,27.43,2077.14,51570.31
2023,6,28,4.5866,24.56,89.52,27.24,2074.44,51503.44
2023,6,29,3.9396,13.66,88.45,27.0,2053.79,50990.61
2023,6,30,5.3854,14.49,87.15,26.91,2081.07,51667.92
2023,7,1,6.4171,8.93,81.15,28.22,2155.4,53513.35
2023,7,2,4.1674,6.21,84.29,27.5,2085.87,51787.19
2023,7,3,5.9215,2.32,88.0,26.91,2104.66,52253.65
2023,7,4,5.9405,0.54,82.16,27.7,2129.31,52865.56
2023,7,5,6.289,0.42,86.37,27.34,2125.57,52772.77
2023,7,6,6.763,1.49,81.73,28.16,2160.89,53649.76
2023,7,7,6.552,7.27,81.89,27.86,2147.15,53308.5
2023,7,8,6.6454,3.15,80.59,27.89,2150.05,53380.56
2023,7,9,6.1975,3.51,81.91,27.55,2130.11,52885.55
2023,7,10,5.6866,1.54,77.81,27.54,2119.05,52610.96
2023,7,11,5.3309,7.49,78.12,28.48,2140.25,53137.16
2023,7,12,3.0295,6.6,84.54,27.75,2069.39,51377.99
2023,7,13,0.5647,63.05,93.34,25.93,1964.47,48772.99
2023,7,14,4.1268,24.38,93.21,26.09,2042.51,50710.71
2023,7,15,3.2551,25.16,89.25,26.73,2043.68,50739.55
2023,7,16,3.5707,18.28,91.01,26.5,2043.35,50731.36
2023,7,17,4.6836,6.05,88.84,26.62,2070.05,51394.45
2023,7,18,5.3203,8.91,86.52,26.93,2092.73,51957.52
2023,7,19,5.2258,5.93,80.57,27.64,2112.4,52445.85
2023,7,20,5.8462,9.4,84.6,27.14,2110.14,52389.79
2023,7,21,4.9546,18.08,85.67,27.33,2097.26,52069.99
2023,7,22,5.837,9.9,81.59,28.18,2141.84,53176.8
2023,7,23,4.014,16.34,86.08,27.23,2074.52,51505.24
2023,7,24,3.3137,9.55,91.47,26.22,2029.65,50391.25
2023,7,25,3.8304,25.13,92.73,26.33,2043.62,50738.17
2023,7,26,2.5654,27.59,92.35,26.36,2018.35,50110.83
2023,7,27,3.3622,26.3,89.47,26.77,2047.1,50824.57
2023,7,28,3.7174,27.5,91.71,26.53,2047.29,50829.22
2023,7,29,3.3185,23.33,91.62,26.2,2029.15,50378.86
2023,7,30,3.2297,25.89,93.31,25.94,2019.55,50140.53
2023,7,31,4.327,8.78,92.58,26.02,2044.53,50760.63
2023,8,1,3.2623,14.21,93.47,26.19,2039.71,50641.12
2023,8,2,3.1999,18.44,92.63,26.55,2049.23,50877.46
2023,8,3,4.3646,6.55,91.18,26.62,2075.66,51533.72
2023,8,4,5.0923,1.38,88.04,26.86,2098.21,52093.57
2023,8,5,5.3609,1.21,87.13,27.01,2108.45,52347.7
2023,8,6,5.6978,1.27,86.69,27.02,2115.83,52531.07
2023,8,7,4.8182,4.7,87.8,26.97,2095.83,52034.31
2023,8,8,5.7005,3.41,89.47,27.17,2120.51,52647.21
2023,8,9,6.3492,0.21,88.78,27.28,2137.58,53071.02
2023,8,10,6.2179,0.68,87.71,27.41,2138.84,53102.21
2023,8,11,5.8519,1.59,89.93,26.89,2115.06,52511.89
2023,8,12,5.7264,0.56,87.52,26.99,2115.51,52523.04
2023,8,13,6.2474,1.4,87.89,27.17,2132.03,52933.13
2023,8,14,5.6782,4.72,89.79,26.6,2102.49,52199.7
2023,8,15,6.2414,5.28,86.91,27.2,2132.83,52953.06
2023,8,16,6.324,3.74,87.46,26.94,2126.51,52796.18
2023,8,17,6.006,2.38,88.52,26.73,2113.35,52469.38
2023,8,18,5.8222,5.98,88.29,26.94,2115.98,52534.71
2023,8,19,5.8109,2.3,84.54,27.31,2127.15,52812.11
2023,8,20,6.0163,0.82,85.98,26.87,2117.89,52582.14
2023,8,21,5.8951,3.38,86.02,26.92,2116.89,52557.37
2023,8,22,5.2457,16.1,90.87,26.38,2086.71,51807.96
2023,8,23,5.4317,6.34,87.19,26.77,2102.56,52201.57
2023,8,24,4.9937,3.52,88.25,26.54,2086.36,51799.23
2023,8,25,4.9008,1.77,86.37,26.83,2093.28,51971.14
2023,8,26,3.1094,11.63,90.95,26.26,2038.64,50614.48
2023,8,27,2.2234,19.88,93.37,26.47,2026.47,50312.46
2023,8,28,5.0959,7.5,90.2,26.92,2100.13,52141.06
2023,8,29,4.4088,5.69,90.57,26.36,2068.68,51360.34
2023,8,30,3.858,14.61,90.78,26.36,2057.22,51075.76
2023,8,31,3.2347,16.92,89.87,26.76,2056.27,51052.17
2023,9,1,3.1721,17.9,91.79,26.69,1877.23,46607.12
2023,9,2,3.2818,22.44,92.13,26.8,1882.35,46734.29
2023,9,3,3.0245,21.42,92.46,26.73,1875.51,46564.28
2023,9,4,2.6213,10.44,93.0,26.73,1867.79,46372.75
2023,9,5,3.6672,4.04,91.33,26.47,1880.63,46691.42
2023,9,6,5.675,1.32,82.92,27.15,1938.05,48117.01
2023,9,7,6.007,0.71,80.15,28.06,1970.15,48914.06
2023,9,8,5.8666,1.77,84.92,27.37,1947.94,48362.7
2023,9,9,5.6232,0.74,81.64,27.97,1960.13,48665.31
2023,9,10,5.22,2.2,88.08,26.75,1918.07,47621.13
2023,9,11,5.8894,1.68,84.26,26.99,1937.66,48107.37
2023,9,12,3.7385,7.38,89.37,26.23,1875.36,46560.57
2023,9,13,4.4856,9.41,88.72,26.44,1895.39,47057.97
2023,9,14,5.0993,4.76,81.98,27.15,1926.96,47841.86
2023,9,15,4.6262,5.39,80.87,27.62,1930.95,47940.94
2023,9,16,5.7322,7.25,82.48,27.63,1952.67,48480.16
2023,9,17,5.4583,7.8,85.21,27.26,1936.97,48090.19
2023,9,18,5.2025,4.42,83.88,27.6,1941.56,48204.35
2023,9,19,4.8749,2.83,83.21,27.71,1938.29,48123.05
2023,9,20,5.9184,2.17,81.18,28.18,1971.81,48955.26
2023,9,21,5.3282,8.43,79.74,28.44,1967.57,48850.13
2023,9,22,1.5377,19.08,80.1,28.31,1889.73,46917.36
2023,9,23,1.5444,17.13,85.09,27.2,1859.88,46176.34
2023,9,24,4.3531,6.26,85.12,26.84,1903.98,47271.31
2023,9,25,4.2674,17.7,84.84,27.64,1924.56,47782.08
2023,9,26,6.2028,7.65,83.34,27.77,1965.76,48805.05
2023,9,27,4.9483,7.07,87.32,27.24,1926.57,47832.16
2023,9,28,5.2831,12.01,85.67,27.52,1940.88,48187.4
2023,9,29,5.2673,4.22,80.99,28.25,1961.05,48688.16
2023,9,30,5.1708,1.49,86.7,27.56,1939.83,48161.27
2023,10,1,4.428,2.31,89.07,27.03,1865.92,46326.32
2023,10,2,4.0274,12.33,90.66,26.7,1849.48,45918.02
2023,10,3,3.5796,9.67,92.8,26.73,1841.92,45730.44
2023,10,4,3.888,3.27,92.2,26.49,1841.2,45712.54
2023,10,5,3.1961,15.79,90.65,26.34,1824.29,45292.8
2023,10,6,4.7923,2.39,82.61,26.47,1857.49,46117.03
2023,10,7,5.4408,0.07,76.36,27.42,1895.63,47063.89
2023,10,8,5.659,1.68,79.66,27.53,1902.77,47241.23
2023,10,9,4.8598,7.62,90.46,26.67,1864.2,46283.68
2023,10,10,3.2333,12.45,90.84,26.51,1829.55,45423.22
2023,10,11,3.9864,25.93,90.52,26.41,1840.87,45704.32
2023,10,12,4.0913,11.89,92.29,26.11,1834.7,45551.13
2023,10,13,4.5919,2.91,86.27,27.13,1871.72,46470.23
2023,10,14,4.3157,4.34,86.78,27.14,1866.8,46348.09
2023,10,15,4.1993,6.42,89.54,26.5,1847.27,45863.17
2023,10,16,3.865,8.65,88.67,26.06,1829.16,45413.57
2023,10,17,4.9234,7.11,86.9,26.82,1869.49,46414.82
2023,10,18,3.5273,14.48,91.06,26.49,1834.48,45545.8
2023,10,19,1.9661,12.41,90.05,26.63,1809.12,44916.18
2023,10,20,4.2257,17.49,89.24,26.11,1837.19,45612.91
2023,10,21,0.9569,18.13,91.89,25.97,1772.99,44019.17
2023,10,22,2.9482,9.84,93.76,25.78,1804.7,44806.43
2023,10,23,1.9862,9.49,93.03,25.38,1776.38,44103.24
2023,10,24,3.2916,7.73,90.83,26.27,1824.19,45290.18
2023,10,25,4.945,3.85,86.6,26.77,1868.52,46390.96
2023,10,26,4.884,0.83,87.29,26.77,1867.38,46362.64
2023,10,27,4.4129,5.71,85.27,27.09,1867.27,46359.74
2023,10,28,4.7393,6.47,88.04,26.5,1857.32,46112.83
2023,10,29,4.4186,3.33,86.83,26.14,1841.57,45721.81
2023,10,30,4.6658,4.25,86.31,26.06,1843.97,45781.42
2023,10,31,3.7632,6.85,87.69,25.78,1819.72,45179.25
2023,11,1,2.1269,18.99,93.11,25.84,1711.81,42500.22
2023,11,2,3.9118,15.3,91.29,26.26,1754.12,43550.52
2023,11,3,5.4898,1.94,87.07,26.67,1792.86,44512.37
2023,11,4,5.0333,2.71,89.87,26.46,1779.23,44174.0
2023,11,5,4.5202,3.75,89.99,26.53,1771.92,43992.57
2023,11,6,4.8818,8.27,88.69,26.5,1777.58,44133.0
2023,11,7,3.3386,17.1,92.8,25.96,1736.25,43106.92
2023,11,8,2.7432,13.36,92.88,26.17,1731.1,42978.97
2023,11,9,4.6152,3.45,88.69,26.67,1777.26,44124.97
2023,11,10,4.6565,0.97,86.51,26.18,1765.24,43826.74
2023,11,11,2.5838,12.74,91.13,26.01,1724.2,42807.68
2023,11,12,4.1897,9.88,88.79,26.18,1756.97,43621.45
2023,11,13,2.9302,18.01,91.01,25.72,1722.9,42775.55
2023,11,14,3.4178,12.92,89.2,25.74,1732.0,43001.29
2023,11,15,1.8017,31.93,91.16,25.74,1703.56,42295.17
2023,11,16,4.5545,9.75,87.21,25.69,1750.7,43465.68
2023,11,17,4.8113,0.43,85.39,25.25,1743.75,43293.13
2023,11,18,3.5966,0.83,87.42,24.96,1715.06,42580.92
2023,11,19,3.2645,0.48,85.07,24.61,1700.31,42214.56
2023,11,20,3.6684,2.97,89.1,24.84,1713.22,42535.18
2023,11,21,3.5556,1.63,87.69,25.13,1718.73,42671.81
2023,11,22,4.0522,1.3,88.1,24.92,1721.96,42752.0
2023,11,23,3.462,20.01,91.23,25.65,1730.46,42963.16
2023,11,24,2.7127,21.45,93.66,25.66,1717.55,42642.54
2023,11,25,1.2994,36.28,91.25,25.43,1686.92,41882.2
2023,11,26,3.733,10.84,90.04,25.56,1732.9,43023.81
2023,11,27,4.4206,4.41,88.84,26.0,1756.39,43606.99
2023,11,28,3.8839,18.75,89.52,25.75,1740.46,43211.35
2023,11,29,3.0917,11.5,91.66,25.95,1731.64,42992.33
2023,11,30,3.888,11.79,92.59,25.62,1737.17,43129.81
2023,12,1,3.0163,18.24,90.96,25.54,1730.07,42953.46
2023,12,2,4.0908,15.23,88.97,25.37,1744.61,43314.5
2023,12,3,1.9944,24.12,90.37,25.2,1703.37,42290.6
2023,12,4,4.5108,5.6,89.19,25.66,1759.59,43686.26
2023,12,5,4.4093,1.79,88.79,26.45,1778.42,44153.78
2023,12,6,3.8986,5.51,89.76,25.86,1753.96,43546.47
2023,12,7,3.521,2.99,89.98,25.68,1742.6,43264.57
2023,12,8,4.555,2.78,87.88,25.44,1754.61,43562.85
2023,12,9,4.6306,1.34,88.33,25.44,1755.95,43595.93
2023,12,10,4.1561,1.71,89.27,25.37,1745.76,43343.04
2023,12,11,3.9797,1.05,88.42,25.49,1745.78,43343.38
2023,12,12,4.3334,2.72,88.57,25.68,1756.97,43621.33
2023,12,13,4.4311,3.06,88.86,25.74,1760.27,43703.14
2023,12,14,3.2338,11.3,88.6,25.07,1721.78,42747.72
2023,12,15,2.7518,25.26,90.13,25.35,1720.52,42716.45
2023,12,16,3.8158,7.48,89.06,25.51,1743.4,43284.5
2023,12,17,4.0673,7.16,88.62,24.69,1726.51,42864.96
2023,12,18,3.0192,17.18,89.74,25.48,1728.58,42916.38
2023,12,19,3.0077,27.63,90.93,25.68,1733.52,43039.16
2023,12,20,3.6055,5.68,90.97,25.63,1742.8,43269.53
2023,12,21,2.5841,13.64,93.24,25.34,1717.32,42636.8
2023,12,22,2.381,47.19,92.81,24.4,1689.7,41951.18
2023,12,23,2.6858,21.14,89.61,23.77,1678.83,41681.19
2023,12,24,3.2441,6.79,89.49,24.85,1716.29,42611.27
2023,12,25,3.7586,14.95,89.47,24.58,1718.27,42660.55
2023,12,26,3.3605,13.92,89.73,24.89,1719.35,42687.41
2023,12,27,3.1738,5.69,89.68,25.06,1720.47,42715.21
2023,12,28,3.7034,15.31,90.43,24.88,1725.09,42829.79
2023,12,29,3.6571,4.6,89.27,25.04,1728.43,42912.63
2023,12,30,3.475,4.16,89.5,25.86,1746.44,43359.95
2023,12,31,4.2482,3.51,89.65,25.71,1756.25,43603.33
2024,1,1,3.5808,5.23,92.76,25.9,1877.15,46604.99
2024,1,2,3.5902,2.38,89.58,25.7,1871.77,46471.47
2024,1,3,4.1443,1.62,88.01,25.71,1882.57,46739.59
2024,1,4,3.6905,2.55,88.74,25.13,1857.82,46125.14
2024,1,5,3.1625,1.99,87.77,24.62,1833.77,45528.09
2024,1,6,4.1986,0.49,85.46,24.68,1854.8,46050.28
2024,1,7,3.829,0.98,85.5,24.5,1842.88,45754.23
2024,1,8,2.875,11.52,89.25,24.87,1835.3,45565.95
2024,1,9,3.4344,6.87,88.89,25.69,1868.53,46391.14
2024,1,10,4.8986,0.71,84.4,26.23,1911.53,47458.66
2024,1,11,3.5496,1.58,86.43,24.13,1827.39,45369.75
2024,1,12,3.1145,0.72,83.85,23.24,1794.72,44558.45
2024,1,13,3.241,1.65,84.67,23.2,1795.92,44588.41
2024,1,14,3.2909,3.38,85.9,23.38,1801.82,44734.85
2024,1,15,4.0049,3.54,85.37,23.28,1812.12,44990.54
2024,1,16,3.925,3.85,83.68,22.73,1795.32,44573.53
2024,1,17,3.8683,1.87,80.98,22.38,1784.54,44305.86
2024,1,18,3.6024,2.38,85.01,23.3,1805.31,44821.43
2024,1,19,3.1999,2.89,87.77,24.29,1825.34,45318.69
2024,1,20,3.5009,3.02,87.22,24.11,1825.93,45333.54
2024,1,21,4.2926,2.1,86.2,24.61,1854.6,46045.28
2024,1,22,3.8026,3.57,88.06,24.54,1843.5,45769.66
2024,1,23,4.1131,4.36,86.72,24.97,1861.3,46211.7
2024,1,24,3.9427,13.55,86.82,23.36,1813.21,45017.65
2024,1,25,3.5695,4.62,84.19,22.81,1791.09,44468.53
2024,1,26,3.2498,0.46,81.2,22.1,1765.63,43836.21
2024,1,27,4.051,0.34,78.92,21.85,1773.04,44020.42
2024,1,28,3.7306,0.7,81.55,21.92,1769.26,43926.38
2024,1,29,4.3591,1.38,81.32,22.61,1799.84,44685.7
2024,1,30,3.804,1.09,82.8,23.11,1803.71,44781.72
2024,1,31,3.3802,1.67,86.05,23.55,1808.17,44892.51
2024,2,1,3.9406,3.13,86.04,23.72,1834.08,45535.89
2024,2,2,4.5046,3.68,85.02,24.08,1854.7,46047.6
2024,2,3,4.8278,1.75,86.6,24.71,1878.55,46639.84
2024,2,4,5.7559,0.39,84.34,24.82,1899.16,47151.46
2024,2,5,4.9507,1.02,85.21,25.07,1891.06,46950.53
2024,2,6,4.9433,0.47,84.06,24.95,1887.52,46862.64
2024,2,7,5.3954,0.07,82.4,24.52,1883.82,46770.76
2024,2,8,5.6465,0.29,79.33,25.05,1903.66,47263.2
2024,2,9,4.9639,0.47,82.25,24.72,1881.39,46710.46
2024,2,10,3.9674,0.66,81.77,24.44,1854.78,46049.78
2024,2,11,4.7686,0.63,77.91,23.81,1851.98,45980.17
2024,2,12,4.3966,0.93,75.68,22.95,1820.84,45207.05
2024,2,13,3.847,3.19,82.46,23.91,1837.67,45625.01
2024,2,14,3.8251,2.2,84.9,24.65,1858.0,46129.64
2024,2,15,4.789,1.2,82.85,25.21,1891.96,46972.91
2024,2,16,4.7302,0.71,81.59,24.84,1880.39,46685.5
2024,2,17,4.8734,1.12,81.93,24.25,1866.38,46337.78
2024,2,18,5.1898,0.18,80.84,24.65,1883.66,46766.66
2024,2,19,5.873,0.15,79.67,25.02,1907.08,47348.27
2024,2,20,6.1565,0.0,77.36,24.91,1909.29,47403.02
2024,2,21,4.7606,0.54,77.87,24.86,1881.53,46713.77
2024,2,22,4.4446,1.61,83.0,25.42,1891.36,46957.78
2024,2,23,4.7767,2.46,81.88,25.56,1901.63,47212.92
2024,2,24,5.4067,5.18,79.46,25.41,1909.37,47405.02
2024,2,25,3.9737,5.11,82.57,25.24,1877.35,46610.02
2024,2,26,6.2071,0.38,74.67,24.23,1890.73,46942.32
2024,2,27,6.0518,0.31,77.27,24.04,1882.39,46735.15
2024,2,28,5.3309,0.22,75.39,24.42,1879.77,46670.1
2024,2,29,5.5231,0.18,74.98,24.69,1891.06,46950.54
2024,3,1,5.935,0.18,76.37,25.01,2264.75,56228.32
2024,3,2,5.9491,0.01,75.7,24.56,2249.78,55856.63
2024,3,3,5.9878,0.04,76.08,24.75,2257.1,56038.36
2024,3,4,4.5977,0.67,80.44,26.06,2269.94,56357.07
2024,3,5,6.7459,0.15,75.69,25.77,2308.97,57326.1
2024,3,6,6.9346,0.01,69.6,27.25,2364.02,58692.86
2024,3,7,6.2873,0.08,75.74,26.35,2318.33,57558.54
2024,3,8,5.623,0.33,75.01,25.81,2284.84,56727.06
2024,3,9,3.5674,4.65,80.27,25.09,2214.28,54975.27
2024,3,10,4.2792,2.21,75.2,25.11,2230.94,55388.86
2024,3,11,3.8126,2.44,79.38,25.06,2218.79,55087.26
2024,3,12,4.9594,3.08,79.0,26.41,2289.95,56854.04
2024,3,13,4.2785,5.33,81.9,25.82,2254.64,55977.38
2024,3,14,4.5516,3.59,79.59,25.41,2247.11,55790.36
2024,3,15,3.6122,4.06,81.35,25.57,2231.22,55395.72
2024,3,16,5.7048,3.51,79.05,25.9,2289.75,56848.9
2024,3,17,5.8241,0.47,76.04,26.07,2298.23,57059.45
2024,3,18,5.7434,0.5,75.42,25.63,2281.47,56643.43
2024,3,19,5.2529,1.51,76.14,25.96,2281.5,56644.05
2024,3,20,5.3662,1.98,78.01,25.56,2270.57,56372.65
2024,3,21,4.1021,3.89,79.4,24.76,2215.29,55000.26
2024,3,22,3.7097,2.36,80.48,25.56,2233.09,55442.25
2024,3,23,4.3416,2.97,79.17,26.32,2272.79,56427.95
2024,3,24,6.5638,0.15,74.71,26.67,2335.6,57987.2
2024,3,25,6.4872,0.2,72.69,26.73,2335.88,57994.34
2024,3,26,4.0613,2.75,80.26,27.28,2298.38,57063.28
2024,3,27,4.9913,11.41,88.46,26.85,2305.49,57239.77
2024,3,28,6.097,5.57,85.25,27.32,2346.97,58269.71
2024,3,29,5.1768,4.93,83.49,27.15,2319.88,57597.04
2024,3,30,6.3946,0.88,78.62,26.88,2338.87,58068.5
2024,3,31,6.51,0.0,75.61,26.97,2344.61,58210.91
2024,4,1,6.4795,0.12,74.34,27.75,2384.51,59201.63
2024,4,2,7.3697,0.24,71.76,27.72,2404.39,59695.15
2024,4,3,6.8323,0.28,71.15,27.38,2380.05,59090.8
2024,4,4,5.7718,0.38,75.97,27.61,2363.11,58670.2
2024,4,5,6.0182,0.91,75.06,27.48,2364.44,58703.29
2024,4,6,5.497,1.02,76.62,27.9,2366.53,58755.14
2024,4,7,5.8169,0.68,74.72,27.91,2374.4,58950.64
2024,4,8,6.9307,0.13,69.37,27.62,2390.63,59353.49
2024,4,9,6.2966,0.21,73.92,27.86,2383.98,59188.57
2024,4,10,6.4932,0.15,72.18,27.39,2372.46,58902.56
2024,4,11,6.4805,0.03,73.08,27.62,2380.07,59091.34
2024,4,12,7.0817,0.65,72.69,27.84,2401.77,59630.16
2024,4,13,6.7226,0.15,74.03,27.97,2397.8,59531.53
2024,4,14,6.4046,0.0,72.42,28.61,2412.27,59890.84
2024,4,15,7.1947,0.0,67.25,28.63,2431.76,60374.66
2024,4,16,7.3181,0.0,71.05,28.12,2417.03,60009.02
2024,4,17,7.3939,0.0,68.72,28.34,2426.45,60242.79
2024,4,18,7.261,0.0,64.03,29.64,2468.3,61281.83
2024,4,19,7.0829,0.0,67.09,28.86,2437.04,60505.93
2024,4,20,7.1954,0.06,69.53,28.66,2432.81,60400.84
2024,4,21,7.2554,0.05,67.24,28.39,2424.89,60204.27
2024,4,22,6.907,1.31,73.06,28.89,2433.88,60427.37
2024,4,23,6.4469,1.3,72.53,29.77,2453.11,60904.8
2024,4,24,6.3684,3.59,71.92,30.03,2460.13,61079.17
2024,4,25,6.5398,0.56,63.73,30.12,2467.39,61259.25
2024,4,26,7.0776,0.06,63.3,30.36,2488.75,61789.6
2024,4,27,7.0118,0.09,66.64,31.01,2509.59,62307.02
2024,4,28,6.3679,0.14,70.1,30.41,2473.16,61402.6
2024,4,29,7.3555,0.03,64.16,30.44,2498.29,62026.63
2024,4,30,7.1203,0.0,66.9,30.33,2488.75,61789.7
2024,5,1,6.5834,0.57,67.45,30.41,2420.33,60090.95
2024,5,2,7.2799,0.07,66.51,29.38,2402.1,59638.35
2024,5,3,6.5899,0.02,65.82,29.58,2392.61,59402.77
2024,5,4,6.9336,0.27,68.22,29.55,2399.7,59578.65
2024,5,5,6.7774,0.6,70.73,29.75,2402.75,59654.41
2024,5,6,6.2928,1.37,72.59,29.63,2387.29,59270.61
2024,5,7,7.499,0.18,67.13,29.56,2413.34,59917.53
2024,5,8,6.0473,1.17,68.47,29.26,2369.14,58820.12
2024,5,9,6.5254,0.95,71.44,29.38,2384.38,59198.41
2024,5,10,5.5613,3.33,72.41,29.33,2360.08,58594.99
2024,5,11,5.9333,0.95,70.07,29.66,2379.82,59085.11
2024,5,12,6.7126,2.96,71.26,29.86,2404.92,59708.25
2024,5,13,5.7775,7.67,77.56,29.4,2367.48,58778.86
2024,5,14,5.4727,6.7,76.36,29.4,2360.32,58601.08
2024,5,15,6.3398,1.24,72.6,29.67,2389.74,59331.38
2024,5,16,5.9066,3.05,74.81,29.32,2367.85,58787.91
2024,5,17,6.1459,3.35,76.3,29.33,2373.8,58935.62
2024,5,18,6.1392,12.42,77.29,29.07,2364.95,58715.9
2024,5,19,4.0327,7.63,71.06,29.95,2344.5,58208.22
2024,5,20,6.2592,3.9,69.4,30.33,2409.93,59832.69
2024,5,21,6.1622,1.51,73.54,29.66,2385.21,59219.1
2024,5,22,6.1529,1.54,72.89,29.72,2387.0,59263.47
2024,5,23,6.6898,0.69,71.72,29.86,2404.38,59694.87
2024,5,24,5.0446,9.68,79.32,28.98,2336.37,58006.54
2024,5,25,2.2956,47.58,81.84,27.98,2240.01,55614.13
2024,5,26,0.6108,116.6,94.8,26.5,2154.45,53489.76
2024,5,27,4.2317,17.7,88.97,27.51,2269.17,56338.03
2024,5,28,5.6894,2.03,85.35,28.18,2324.81,57719.3
2024,5,29,5.6143,9.36,89.17,27.57,2302.78,57172.54
2024,5,30,6.2314,2.98,84.22,28.27,2340.33,58104.77
2024,5,31,5.6501,0.11,84.67,28.25,2326.23,57754.6
2024,6,1,6.5959,0.07,83.44,28.52,2210.53,54882.15
2024,6,2,6.7848,2.11,76.4,29.93,2259.13,56088.78
2024,6,3,6.0878,4.84,81.57,28.46,2197.6,54560.99
2024,6,4,4.5931,4.88,80.69,28.08,2153.37,53462.96
2024,6,5,4.6831,18.37,77.25,29.25,2191.47,54408.92
2024,6,6,5.5591,15.62,79.43,28.54,2188.6,54337.55
2024,6,7,4.4539,12.29,86.34,27.36,2128.16,52837.1
2024,6,8,4.7808,4.11,82.71,27.93,2152.79,53448.52
2024,6,9,5.1718,6.01,85.15,27.85,2158.74,53596.29
2024,6,10,5.9119,2.64,81.27,28.51,2195.34,54504.88
2024,6,11,6.4992,4.28,71.78,30.44,2268.84,56329.82
2024,6,12,6.2822,4.43,73.92,29.57,2236.67,55531.19
2024,6,13,6.0857,1.6,76.75,29.92,2243.3,55695.76
2024,6,14,5.8363,5.19,80.23,28.81,2203.07,54696.88
2024,6,15,5.9695,7.64,82.75,28.24,2188.14,54326.17
2024,6,16,5.6988,20.86,85.69,27.92,2172.28,53932.51
2024,6,17,4.4686,7.37,83.54,27.78,2141.43,53166.45
2024,6,18,5.4137,15.12,79.95,28.46,2182.94,54197.15
2024,6,19,5.6894,15.86,81.82,28.16,2179.57,54113.47
2024,6,20,4.6001,5.45,85.7,27.48,2134.99,53006.77
2024,6,21,5.3196,10.84,88.48,26.9,2132.38,52941.85
2024,6,22,5.7648,4.09,82.03,27.96,2174.95,53998.88
2024,6,23,5.4115,12.11,78.3,28.68,2189.74,54365.99
2024,6,24,5.351,18.26,80.38,28.24,2174.73,53993.39
2024,6,25,5.0947,10.55,88.22,26.74,2122.63,52699.9
2024,6,26,3.1968,10.3,90.93,26.48,2074.47,51504.15
2024,6,27,4.757,4.82,88.32,26.97,2122.59,52698.69
2024,6,28,5.4046,1.45,87.29,26.91,2134.5,52994.44
2024,6,29,4.9498,1.84,83.27,27.75,2150.86,53400.58
2024,6,30,6.0036,5.36,84.64,27.64,2170.09,53878.09
2024,7,1,5.706,4.4,83.84,27.61,2175.66,54016.34
2024,7,2,4.428,6.82,89.14,26.71,2120.14,52638.01
2024,7,3,5.8368,10.05,87.28,26.97,2158.36,53586.83
2024,7,4,3.1409,15.46,89.4,27.02,2102.18,52192.16
2024,7,5,3.7001,10.87,88.3,26.78,2106.78,52306.15
2024,7,6,2.8675,21.06,90.49,26.6,2083.51,51728.52
2024,7,7,5.0335,12.2,89.69,26.58,2129.0,52857.88
2024,7,8,5.2164,12.19,90.7,26.3,2124.14,52737.26
2024,7,9,4.0404,23.31,82.48,27.82,2146.16,53283.98
2024,7,10,3.6643,8.02,82.09,27.59,2130.93,52905.94
2024,7,11,4.4767,6.6,82.46,27.58,2148.17,53333.87
2024,7,12,5.7581,9.97,80.57,28.06,2190.92,54395.34
2024,7,13,4.1578,8.3,88.43,27.03,2124.28,52740.64
2024,7,14,3.7862,7.43,89.84,26.77,2108.31,52344.13
2024,7,15,3.7147,20.4,91.47,26.22,2089.85,51885.87
2024,7,16,4.817,11.79,88.12,26.76,2129.99,52882.59
2024,7,17,3.0024,7.4,83.8,27.56,2115.72,52528.25
2024,7,18,1.7088,26.85,88.6,27.2,2076.94,51565.34
2024,7,19,5.2248,11.49,87.23,27.36,2157.45,53564.24
2024,7,20,5.1233,9.42,86.65,27.37,2155.58,53517.74
2024,7,21,3.175,9.6,90.63,26.65,2091.59,51929.05
2024,7,22,2.1408,36.47,95.67,26.41,2062.28,51201.51
2024,7,23,1.5218,130.33,95.32,26.14,2041.01,50673.47
2024,7,24,0.7373,48.65,91.06,26.06,2022.04,50202.31
2024,7,25,3.3204,26.09,91.01,26.8,2099.28,52120.15
2024,7,26,4.8742,2.07,87.35,27.09,2141.49,53168.08
2024,7,27,4.781,10.97,88.62,26.72,2127.98,52832.62
2024,7,28,3.1572,12.36,88.85,25.75,2063.66,51235.65
2024,7,29,4.159,2.28,84.8,26.16,2097.4,52073.34
2024,7,30,5.2253,1.87,79.12,26.55,2132.14,52935.95
2024,7,31,5.2176,3.56,82.96,27.21,2152.61,53444.0
2024,8,1,5.6671,11.65,86.01,26.97,2167.5,53813.82
2024,8,2,5.6498,7.83,81.61,27.73,2191.12,54400.34
2024,8,3,5.7475,8.12,81.58,28.0,2201.78,54665.01
2024,8,4,6.0509,14.94,89.34,27.08,2179.25,54105.56
2024,8,5,4.9805,10.83,92.26,25.95,2120.73,52652.52
2024,8,6,4.559,4.21,90.01,26.04,2114.6,52500.33
2024,8,7,5.7473,3.62,87.95,26.87,2166.07,53778.23
2024,8,8,5.0976,4.54,90.94,26.8,2149.9,53376.85
2024,8,9,4.8914,3.94,90.21,26.6,2139.2,53111.29
2024,8,10,4.9255,5.45,90.05,26.7,2143.07,53207.25
2024,8,11,6.0305,1.74,87.48,27.2,2182.62,54189.06
2024,8,12,6.1416,1.1,86.42,27.28,2187.55,54311.67
2024,8,13,6.3384,1.41,85.56,27.36,2194.35,54480.49
2024,8,14,5.9621,4.38,89.58,27.0,2174.8,53995.11
2024,8,15,5.7086,1.78,86.12,27.15,2174.08,53977.19
2024,8,16,5.7209,3.97,80.24,27.87,2197.1,54548.59
2024,8,17,6.5064,2.35,74.37,28.93,2247.98,55812.02
2024,8,18,5.4922,3.42,75.03,29.04,2228.99,55340.46
2024,8,19,5.3654,6.95,84.8,27.66,2182.73,54191.91
2024,8,20,5.7192,5.11,81.94,28.09,2204.01,54720.25
2024,8,21,6.0804,5.58,81.46,28.01,2209.38,54853.51
2024,8,22,5.478,5.33,84.35,27.59,2182.97,54197.92
2024,8,23,4.5067,14.67,84.06,28.09,2177.48,54061.5
2024,8,24,3.7589,10.26,76.5,28.71,2180.32,54132.12
2024,8,25,4.013,10.83,83.92,27.47,2147.42,53315.16
2024,8,26,4.7825,13.13,84.45,27.36,2160.66,53644.03
2024,8,27,3.9223,12.03,91.05,26.63,2119.38,52619.15
2024,8,28,3.3103,15.51,92.03,26.38,2098.56,52102.19
2024,8,29,5.1235,9.08,91.19,26.69,2147.0,53304.88
2024,8,30,5.6542,7.75,87.85,27.28,2177.01,54049.95
2024,8,31,5.2368,7.43,85.73,27.91,2187.79,54317.64
2024,9,1,1.7957,45.07,86.09,27.56,1922.23,47724.24
2024,9,2,0.5863,76.49,94.73,25.72,1847.76,45875.33
2024,9,3,3.1632,17.4,91.45,26.49,1919.25,47650.41
2024,9,4,2.2646,43.74,92.8,26.47,1901.13,47200.36
2024,9,5,2.527,26.63,91.31,26.42,1904.86,47292.96
2024,9,6,2.8555,9.21,88.91,26.8,1921.94,47717.1
2024,9,7,4.7587,2.6,80.29,27.7,1985.07,49284.59
2024,9,8,5.9186,1.44,85.98,27.17,1992.81,49476.69
2024,9,9,4.457,0.52,86.14,27.0,1959.1,48639.7
2024,9,10,5.2925,1.65,86.74,27.17,1980.45,49169.74
2024,9,11,5.2742,3.92,87.11,27.47,1988.72,49375.01
2024,9,12,4.5125,9.0,91.23,26.04,1932.79,47986.45
2024,9,13,3.5443,20.27,94.56,26.18,1917.94,47617.83
2024,9,14,3.9396,16.62,94.96,26.02,1921.09,47696.1
2024,9,15,4.3829,10.29,92.25,26.33,1938.54,48129.22
2024,9,16,3.6242,6.04,91.58,26.2,1920.06,47670.49
2024,9,17,4.6687,13.85,83.32,26.84,1958.69,48629.66
2024,9,18,3.0763,20.21,93.09,26.27,1911.36,47454.55
2024,9,19,3.6797,7.84,93.34,26.2,1921.14,47697.31
2024,9,20,3.1884,13.5,93.17,25.86,1902.0,47222.08
2024,9,21,2.862,11.63,91.66,25.47,1884.73,46793.27
2024,9,22,4.2545,9.6,86.26,26.46,1939.74,48158.94
2024,9,23,5.6006,0.66,87.52,26.82,1976.43,49070.01
2024,9,24,5.8121,0.94,88.69,27.26,1993.31,49489.1
2024,9,25,6.0564,0.61,87.14,27.38,2001.62,49695.39
2024,9,26,6.3055,0.58,78.23,28.41,2036.49,50561.04
2024,9,27,5.1017,0.66,88.06,26.74,1964.33,48769.63
2024,9,28,4.1518,0.12,87.56,27.1,1955.93,48561.06
2024,9,29,3.1178,9.77,92.0,26.43,1916.68,47586.44
2024,9,30,4.3769,4.52,92.31,26.34,1938.71,48133.4
2024,10,1,5.0539,2.58,87.54,26.37,1907.01,47346.37
2024,10,2,5.9052,1.62,84.46,26.82,1935.95,48065.03
2024,10,3,5.2574,1.26,81.15,27.59,1945.15,48293.38
2024,10,4,4.8804,5.96,90.3,26.4,1904.54,47285.11
2024,10,5,5.0213,13.52,88.68,26.67,1914.79,47539.64
2024,10,6,2.3446,28.08,93.12,26.31,1853.73,46023.68
2024,10,7,2.9978,6.76,90.93,26.12,1860.95,46203.01
2024,10,8,5.3551,12.34,90.94,25.74,1895.04,47049.17
2024,10,9,5.4898,2.1,82.91,27.28,1940.93,48188.66
2024,10,10,5.0011,3.51,81.49,28.14,1955.59,48552.47
2024,10,11,5.1137,10.45,83.66,27.48,1939.28,48147.57
2024,10,12,4.6819,20.3,89.78,26.57,1905.5,47309.0
2024,10,13,4.3896,6.69,89.64,26.69,1903.25,47253.22
2024,10,14,3.0542,18.45,91.22,26.64,1876.31,46584.23
2024,10,15,3.0199,8.5,90.49,26.73,1878.12,46629.29
2024,10,16,5.1,3.39,87.92,26.82,1920.5,47681.48
2024,10,17,5.3155,1.92,83.9,26.83,1924.92,47791.11
2024,10,18,4.8506,1.46,85.46,27.12,1924.11,47771.03
2024,10,19,3.3638,3.88,89.96,27.09,1894.63,47039.18
2024,10,20,4.1174,42.53,90.08,26.94,1904.98,47296.16
2024,10,21,2.7353,11.39,87.92,27.0,1880.06,46677.44
2024,10,22,0.8534,37.67,89.25,26.83,1839.3,45665.33
2024,10,23,1.1282,79.93,94.56,26.39,1832.72,45502.07
2024,10,24,0.6708,157.47,93.18,26.1,1816.23,45092.59
2024,10,25,4.3538,12.09,88.79,26.2,1888.93,46897.6
2024,10,26,3.8302,4.14,87.15,26.37,1883.68,46767.3
2024,10,27,4.8101,1.67,90.11,25.54,1879.15,46654.81
2024,10,28,4.2293,0.01,86.83,26.02,1881.56,46714.6
2024,10,29,2.7367,0.08,89.36,26.21,1858.46,46141.08
2024,10,30,2.0294,1.81,90.53,26.0,1839.3,45665.45
2024,10,31,3.0384,2.85,93.46,26.12,1861.73,46222.15
2024,11,1,5.2637,3.07,88.03,26.85,1839.23,45663.71
2024,11,2,5.3501,1.98,88.09,26.6,1834.1,45536.3
2024,11,3,3.8167,12.99,90.27,26.08,1792.32,44498.92
2024,11,4,4.507,11.3,91.1,25.74,1795.78,44584.89
2024,11,5,4.0687,9.61,86.35,25.83,1790.26,44447.77
2024,11,6,5.106,7.53,80.76,27.03,1841.16,45711.66
2024,11,7,4.4093,2.44,81.42,27.35,1836.87,45604.97
2024,11,8,4.8098,4.31,87.67,26.66,1825.83,45330.93
2024,11,9,5.4511,2.0,87.79,26.63,1836.75,45602.16
2024,11,10,4.0082,5.01,86.61,26.68,1811.7,44980.03
2024,11,11,2.1031,4.58,92.49,26.08,1761.24,43727.26
2024,11,12,5.0225,2.15,82.75,27.24,1845.25,45813.15
2024,11,13,4.1558,1.71,79.59,27.74,1842.54,45745.73
2024,11,14,2.9921,0.14,87.26,26.43,1786.54,44355.57
2024,11,15,5.0393,0.02,83.47,27.03,1839.94,45681.2
2024,11,16,5.1782,2.39,87.54,26.28,1822.38,45245.21
2024,11,17,0.6252,37.29,92.72,25.12,1709.85,42451.53
2024,11,18,4.8871,5.16,90.88,26.38,1819.76,45180.13
2024,11,19,4.8701,0.39,87.04,26.26,1816.24,45092.78
2024,11,20,4.9654,0.55,86.19,26.09,1813.42,45022.85
2024,11,21,5.4732,0.26,84.58,25.63,1810.26,44944.34
2024,11,22,4.5845,0.34,84.21,25.49,1790.51,44454.13
2024,11,23,4.5216,0.87,87.53,25.66,1793.91,44538.51
2024,11,24,3.8741,5.44,88.61,25.6,1780.65,44209.3
2024,11,25,4.1628,3.94,88.68,26.05,1797.8,44635.0
2024,11,26,4.6865,2.05,86.43,25.85,1801.96,44738.2
2024,11,27,4.8636,1.82,86.5,25.56,1797.4,44625.18
2024,11,28,4.3464,7.47,87.22,25.87,1796.34,44598.78
2024,11,29,2.2255,19.03,92.6,25.25,1741.85,43245.98
2024,11,30,2.3957,9.78,89.59,25.08,1740.47,43211.62
2024,12,1,1.4906,44.06,93.89,24.81,1727.56,42891.18
2024,12,2,1.1321,43.96,92.37,25.46,1737.97,43149.65
2024,12,3,2.9782,7.52,93.49,25.99,1785.33,44325.52
2024,12,4,4.0186,5.83,89.58,26.28,1812.02,44988.21
2024,12,5,4.9918,0.77,87.61,25.99,1822.02,45236.47
2024,12,6,3.973,4.85,87.3,25.7,1795.73,44583.64
2024,12,7,3.4853,11.73,90.42,26.23,1800.94,44712.98
2024,12,8,2.2445,16.8,94.28,25.92,1770.13,43948.07
2024,12,9,1.5178,22.17,92.94,25.2,1738.19,43154.97
2024,12,10,1.1004,58.91,93.3,25.07,1727.3,42884.81
2024,12,11,2.3515,25.22,93.04,25.39,1758.18,43651.42
2024,12,12,2.8303,9.48,90.7,25.86,1779.21,44173.56
2024,12,13,3.2659,5.12,89.39,25.68,1782.37,44251.98
2024,12,14,3.3907,3.5,87.78,25.26,1773.51,44031.86
2024,12,15,3.2645,5.3,89.08,24.69,1756.15,43600.85
2024,12,16,2.9635,14.84,89.77,24.75,1752.35,43506.6
2024,12,17,2.0731,22.05,91.11,24.46,1728.84,42922.92
2024,12,18,2.4516,20.42,90.44,24.73,1742.67,43266.22
2024,12,19,3.2126,2.82,88.37,24.48,1749.66,43439.91
2024,12,20,2.9887,5.88,88.73,24.52,1746.73,43367.09
2024,12,21,2.1134,11.34,90.91,24.67,1735.05,43077.11
2024,12,22,2.4058,5.02,89.87,24.45,1734.5,43063.52
2024,12,23,2.5459,7.54,90.9,24.58,1740.41,43210.25
2024,12,24,1.4234,59.55,93.27,25.34,1740.12,43203.03
2024,12,25,1.0414,39.09,94.34,24.27,1705.55,42344.71
2024,12,26,3.3106,14.78,91.53,25.53,1779.21,44173.5
2024,12,27,3.2666,12.33,91.09,25.56,1779.21,44173.44
2024,12,28,2.7422,19.81,91.91,25.16,1759.18,43676.28
2024,12,29,2.7029,30.12,91.24,24.46,1740.06,43201.4
2024,12,30,2.3717,23.04,90.98,25.36,1757.76,43640.94
2024,12,31,3.5086,19.58,90.03,25.56,1783.59,44282.23
2025,1,1,2.0458,9.2,90.88,25.4,1879.81,46671.22
2025,1,2,3.564,11.25,93.07,25.06,1899.54,47161.05
2025,1,3,3.5102,6.45,89.42,25.52,1911.59,47460.24
2025,1,4,4.1441,6.05,92.37,24.65,1898.98,47147.13
2025,1,5,2.8286,7.67,91.29,23.89,1852.31,45988.41
2025,1,6,3.5856,7.0,89.54,24.74,1890.85,46945.16
2025,1,7,3.2393,5.48,90.01,24.61,1880.52,46688.68
2025,1,8,2.9837,3.17,88.8,24.29,1866.57,46342.37
2025,1,9,3.2275,3.1,87.73,24.34,1872.63,46492.89
2025,1,10,2.7766,2.1,89.11,23.27,1833.82,45529.26
2025,1,11,2.8373,13.95,89.17,23.45,1840.04,45683.81
2025,1,12,2.4538,26.55,89.92,23.24,1826.92,45357.99
2025,1,13,2.448,15.46,91.29,23.31,1828.78,45404.2
2025,1,14,2.2788,12.38,91.32,24.17,1849.77,45925.27
2025,1,15,3.3269,3.15,89.41,24.88,1889.86,46920.68
2025,1,16,3.9766,1.65,88.6,24.56,1893.2,47003.6
2025,1,17,4.1551,6.98,88.83,23.92,1878.29,46633.31
2025,1,18,3.5285,6.96,90.18,24.47,1882.07,46727.21
2025,1,19,4.1182,1.59,85.68,25.56,1924.54,47781.6
2025,1,20,3.4819,2.32,86.98,25.55,1911.9,47467.8
2025,1,21,3.5959,3.95,88.79,24.94,1896.74,47091.47
2025,1,22,3.7404,2.12,87.6,24.51,1887.26,46856.02
2025,1,23,3.2551,2.55,89.17,24.8,1886.21,46830.06
2025,1,24,3.9634,1.03,87.53,25.38,1916.39,47579.24
2025,1,25,5.4427,0.2,85.31,25.48,1947.93,48362.47
2025,1,26,4.0229,0.43,85.33,24.56,1894.09,47025.59
2025,1,27,4.5202,0.56,84.01,23.23,1865.37,46312.61
2025,1,28,3.7596,1.16,86.0,22.78,1838.28,45639.98
2025,1,29,3.095,10.87,87.94,22.67,1822.79,45255.47
2025,1,30,2.8414,24.09,89.45,23.19,1832.77,45503.31
2025,1,31,3.275,10.82,90.02,24.86,1888.3,46881.82
2025,2,1,5.5817,0.73,86.51,25.59,1965.48,48798.06
2025,2,2,5.3455,0.0,84.62,26.15,1977.19,49088.81
2025,2,3,4.7719,0.38,84.08,25.42,1944.72,48282.82
2025,2,4,2.7982,9.29,88.29,24.35,1875.85,46572.83
2025,2,5,3.7241,6.41,88.09,23.62,1872.67,46493.89
2025,2,6,3.1147,19.89,89.25,24.12,1875.36,46560.77
2025,2,7,1.8626,14.03,91.73,24.31,1856.78,46099.34
2025,2,8,2.623,20.32,91.81,23.71,1854.34,46038.71
2025,2,9,3.0132,8.64,87.1,22.87,1837.83,45628.83
2025,2,10,2.4646,19.09,90.22,23.37,1841.7,45724.97
2025,2,11,2.9177,26.79,92.67,24.37,1878.71,46643.87
2025,2,12,5.1902,7.92,88.72,25.51,1955.5,48550.3
2025,2,13,4.2266,11.02,89.56,25.17,1926.89,47839.99
2025,2,14,4.0927,6.1,88.22,24.75,1912.2,47475.22
2025,2,15,4.2262,6.4,88.43,25.55,1937.84,48111.79
2025,2,16,4.775,3.23,87.11,26.03,1962.47,48723.36
2025,2,17,4.609,3.15,88.2,25.63,1947.63,48354.88
2025,2,18,3.6686,14.36,89.65,25.08,1913.47,47506.91
2025,2,19,4.8002,4.73,86.69,24.46,1917.44,47605.4
2025,2,20,2.4922,12.75,90.27,23.91,1857.52,46117.68
2025,2,21,2.9952,7.86,88.06,24.11,1872.8,46496.99
2025,2,22,3.8534,4.58,85.49,24.16,1890.63,46939.85
2025,2,23,3.9286,1.78,84.77,24.57,1903.86,47268.14
2025,2,24,4.3668,2.01,84.02,24.13,1899.59,47162.13
2025,2,25,3.4798,6.5,85.77,23.73,1871.18,46456.98
2025,2,26,3.8306,1.13,82.78,23.3,1865.5,46315.91
2025,2,27,5.9714,0.11,80.55,23.18,1902.39,47231.77
2025,2,28,4.4078,0.75,84.12,24.05,1898.06,47124.22
2025,3,1,4.5322,1.22,85.09,24.98,2287.73,56798.85
2025,3,2,5.4612,1.23,86.31,26.04,2345.81,58240.79
2025,3,3,4.339,0.53,84.78,25.6,2304.53,57215.96
2025,3,4,5.1454,1.88,84.93,26.36,2349.49,58332.11
2025,3,5,5.8656,0.62,83.19,26.76,2380.3,59097.07
2025,3,6,6.5153,1.23,82.46,26.62,2390.73,59356.04
2025,3,7,4.1762,9.6,87.06,25.89,2310.67,57368.45
2025,3,8,3.4793,18.49,91.43,25.03,2265.23,56240.16
2025,3,9,3.4272,20.91,90.94,25.24,2271.16,56387.39
2025,3,10,3.9797,9.63,86.1,25.46,2291.42,56890.36
2025,3,11,4.6524,5.16,86.18,26.0,2325.55,57737.77
2025,3,12,5.7679,1.85,84.81,26.03,2352.62,58409.97
2025,3,13,6.2069,0.11,80.55,25.67,2350.31,58352.47
2025,3,14,5.9789,0.0,80.32,25.08,2324.47,57710.88
2025,3,15,4.8598,0.0,82.39,25.61,2316.96,57524.47
2025,3,16,6.5227,0.12,78.82,25.98,2368.5,58804.02
2025,3,17,3.93,4.69,85.06,25.17,2280.37,56616.14
2025,3,18,4.4585,3.07,83.46,25.06,2288.78,56824.92
2025,3,19,4.1472,3.43,83.86,24.89,2275.8,56502.74
2025,3,20,3.3725,3.52,84.86,23.88,2223.76,55210.51
2025,3,21,3.4507,2.15,81.78,23.72,2220.09,55119.53
2025,3,22,4.8038,0.15,77.86,23.58,2245.79,55757.45
2025,3,23,4.9622,0.06,79.3,24.02,2264.52,56222.55
2025,3,24,4.691,2.11,83.46,25.38,2305.13,57230.91
2025,3,25,6.1378,0.19,81.54,26.51,2378.0,59040.05
2025,3,26,6.1128,0.38,80.98,26.71,2384.39,59198.61
2025,3,27,4.5864,3.13,86.68,26.7,2348.05,58296.42
2025,3,28,5.3443,7.26,81.55,26.68,2365.23,58722.9
2025,3,29,2.917,11.96,91.39,25.7,2274.92,56480.77
2025,3,30,3.6026,9.55,87.83,25.78,2293.57,56943.79
2025,3,31,4.621,5.71,88.53,25.69,2314.17,57455.15
2025,4,1,5.9582,1.79,81.77,26.08,2372.71,58908.67
2025,4,2,5.7763,2.17,80.81,26.77,2392.56,59401.43
2025,4,3,5.5435,0.49,80.11,27.05,2396.8,59506.68
2025,4,4,5.1046,8.5,83.16,26.58,2370.01,58841.69
2025,4,5,4.7352,21.86,85.81,26.56,2360.57,58607.38
2025,4,6,5.6105,3.8,82.61,26.73,2387.23,59269.04
2025,4,7,5.9554,0.49,81.63,27.05,2406.62,59750.47
2025,4,8,6.3595,0.12,78.45,27.12,2418.71,60050.74
2025,4,9,6.6588,0.35,79.07,27.11,2425.5,60219.31
2025,4,10,6.7886,0.0,74.99,27.86,2455.08,60953.72
2025,4,11,6.1982,0.01,74.86,27.81,2439.08,60556.59
2025,4,12,6.0665,0.11,76.74,27.37,2420.48,60094.77
2025,4,13,6.2436,0.61,77.74,27.89,2442.99,60653.52
2025,4,14,6.7618,0.49,76.43,28.04,2460.79,61095.43
2025,4,15,6.4423,0.65,70.61,29.18,2493.18,61899.65
2025,4,16,6.6804,0.49,73.56,27.99,2457.06,61002.77
2025,4,17,7.0598,0.16,72.28,28.13,2471.18,61353.46
2025,4,18,7.081,0.47,75.54,28.42,2481.96,61621.18
2025,4,19,7.1748,0.27,72.99,28.12,2473.61,61413.79
2025,4,20,6.149,0.0,75.87,28.06,2446.67,60744.95
2025,4,21,6.6384,0.0,74.0,28.11,2460.27,61082.63
2025,4,22,6.9619,0.0,71.26,28.5,2481.9,61619.54
2025,4,23,6.8501,0.0,66.0,29.68,2520.87,62587.1
2025,4,24,7.0798,0.0,69.33,28.53,2485.83,61717.16
2025,4,25,7.2223,0.01,69.86,28.5,2488.24,61776.91
2025,4,26,7.0253,0.4,74.03,27.62,2452.29,60884.56
2025,4,27,6.6691,2.26,74.54,27.49,2439.15,60558.16
2025,4,28,6.0026,8.95,79.29,27.59,2426.66,60248.16
2025,4,29,5.9926,1.84,80.26,27.66,2428.87,60303.08
2025,4,30,5.7415,2.28,77.35,27.67,2423.18,60161.83
2025,5,1,6.7078,3.52,74.4,28.56,2419.76,60076.69
2025,5,2,6.3509,2.75,77.15,28.28,2401.65,59627.19
2025,5,3,5.269,5.45,81.18,27.7,2356.31,58501.53
2025,5,4,4.3327,11.59,85.9,27.17,2316.47,57512.44
2025,5,5,5.4389,8.95,81.74,27.94,2368.47,58803.41
2025,5,6,5.5008,6.85,78.05,28.87,2401.59,59625.79
2025,5,7,5.2445,10.5,81.26,28.16,2371.36,58875.09
2025,5,8,4.8691,16.59,88.79,26.81,2316.8,57520.61
2025,5,9,6.247,5.79,82.77,27.9,2386.15,59242.46
2025,5,10,6.8702,1.25,78.59,28.04,2405.67,59727.06
2025,5,11,6.3511,1.5,76.53,28.31,2402.69,59652.88
2025,5,12,6.3912,8.51,70.5,29.7,2451.38,60861.88
2025,5,13,6.3,16.93,81.86,27.85,2385.69,59230.87
2025,5,14,6.1798,4.06,83.04,27.14,2358.52,58556.35
2025,5,15,5.6743,8.71,84.19,27.36,2354.24,58450.09
2025,5,16,6.505,5.82,83.02,27.39,2374.7,58958.0
2025,5,17,6.2174,4.35,78.83,27.84,2383.4,59174.06
2025,5,18,6.2448,1.17,78.84,28.13,2393.99,59437.03
2025,5,19,6.1891,4.33,80.32,28.03,2389.25,59319.22
2025,5,20,6.3086,7.36,81.19,28.18,2397.22,59517.09
2025,5,21,6.1848,4.68,81.02,28.05,2389.83,59333.72
2025,5,22,6.9502,1.69,77.77,28.44,2421.38,60116.97
2025,5,23,7.0481,0.52,72.73,28.6,2429.23,60312.03
2025,5,24,6.5803,3.54,76.39,28.66,2420.16,60086.82
2025,5,25,6.2554,3.12,78.52,28.09,2392.87,59409.19
2025,5,26,5.7922,3.3,79.05,28.01,2379.19,59069.59
2025,5,27,5.441,18.81,84.18,27.76,2362.4,58652.57
2025,5,28,3.2854,12.18,84.2,27.67,2308.7,57319.4
2025,5,29,5.034,2.25,77.65,28.12,2365.02,58717.8
2025,5,30,3.9718,4.03,82.4,27.21,2309.4,57336.78
2025,5,31,3.8386,15.2,80.29,27.16,2304.62,57218.05
2025,6,1,5.1,3.35,78.35,28.1,2218.74,55085.89
2025,6,2,5.9102,3.39,85.53,27.61,2220.99,55141.73
2025,6,3,6.379,2.15,84.2,27.9,2240.65,55629.81
2025,6,4,5.9741,4.7,84.98,27.86,2230.41,55375.77
2025,6,5,5.4002,4.12,76.46,28.99,2253.78,55955.93
2025,6,6,4.9786,8.36,78.56,28.49,2228.43,55326.65
2025,6,7,1.7213,34.01,91.32,26.4,2091.61,51929.6
2025,6,8,3.9878,16.25,92.42,25.94,2126.16,52787.31
2025,6,9,5.1754,14.88,89.2,26.4,2166.3,53784.1
2025,6,10,3.8798,15.42,89.43,26.69,2147.4,53314.68
2025,6,11,3.1807,5.36,90.84,26.23,2117.87,52581.5
2025,6,12,2.7269,3.72,91.88,26.32,2110.87,52407.84
2025,6,13,5.4744,0.56,86.45,27.25,2199.9,54618.28
2025,6,14,5.7816,1.26,86.04,26.87,2194.46,54483.2
2025,6,15,6.8213,6.18,80.11,28.34,2264.65,56225.9
2025,6,16,5.4888,11.1,84.55,27.15,2197.03,54546.85
2025,6,17,4.6781,21.68,85.26,27.07,2176.77,54043.89
2025,6,18,3.1735,15.64,89.31,26.13,2114.59,52500.2
2025,6,19,3.7994,8.1,88.0,26.37,2135.61,53021.95
2025,6,20,4.7114,8.82,83.35,27.27,2183.83,54219.24
2025,6,21,5.5502,8.25,85.93,26.83,2188.15,54326.38
2025,6,22,3.941,3.62,78.89,27.6,2177.33,54057.87
2025,6,23,3.1008,40.82,87.41,26.02,2109.6,52376.21
2025,6,24,5.8601,12.17,78.72,27.63,2220.52,55130.27
2025,6,25,5.4226,8.05,80.96,27.77,2215.36,55002.03
2025,6,26,4.9334,8.45,81.71,27.46,2194.73,54489.73
2025,6,27,5.4168,9.78,90.28,26.2,2165.14,53755.3
2025,6,28,6.1582,6.76,84.9,26.67,2196.23,54527.21
2025,6,29,4.0841,8.22,90.65,26.06,2132.0,52932.45
2025,6,30,4.5274,11.48,86.0,26.51,2155.77,53522.55
2025,7,1,4.8828,11.56,79.26,27.23,2199.35,54604.67
2025,7,2,4.3915,11.43,79.18,27.41,2194.25,54478.04
2025,7,3,3.3842,13.44,93.62,25.76,2120.13,52637.83
2025,7,4,5.2903,3.16,87.58,26.4,2181.72,54166.94
2025,7,5,3.2897,10.32,90.06,26.18,2131.29,52914.83
2025,7,6,4.9392,6.89,89.22,26.51,2177.6,54064.54
2025,7,7,5.3196,1.5,87.98,26.73,2192.94,54445.45
2025,7,8,5.1432,6.51,89.39,26.83,2192.29,54429.18
2025,7,9,4.4302,12.04,91.53,26.38,2162.38,53686.62
2025,7,10,5.3489,4.16,88.37,26.8,2195.83,54517.09
2025,7,11,5.3834,2.96,90.43,26.65,2191.77,54416.36
2025,7,12,4.9363,3.25,87.79,26.66,2182.33,54181.92
2025,7,13,5.0496,1.87,85.57,26.93,2193.43,54457.7
2025,7,14,5.7036,0.97,84.52,26.99,2209.7,54861.62
2025,7,15,4.9944,2.0,86.22,27.08,2197.02,54546.67
2025,7,16,3.9269,2.47,88.75,26.93,2168.82,53846.6
2025,7,17,1.4239,9.73,92.14,26.36,2096.38,52048.09
2025,7,18,1.3346,34.3,94.5,25.48,2067.35,51327.21
2025,7,19,2.082,61.11,94.44,25.72,2090.83,51910.3
2025,7,20,2.8654,22.62,91.39,26.38,2128.35,52841.72
2025,7,21,0.833,58.73,92.4,26.27,2080.78,51660.69
2025,7,22,2.4542,71.3,93.7,26.01,2107.88,52333.58
2025,7,23,2.5183,50.68,94.49,26.09,2111.76,52429.9
2025,7,24,0.5918,79.97,95.51,26.42,2080.12,51644.44
2025,7,25,3.0523,11.03,91.08,26.5,2136.17,53036.0
2025,7,26,4.1693,8.51,91.0,26.36,2156.07,53530.01
2025,7,27,3.8669,14.46,90.46,26.74,2161.5,53664.89
2025,7,28,3.6302,6.1,89.22,26.41,2145.93,53278.14
2025,7,29,4.578,3.41,88.02,26.75,2177.37,54058.77
2025,7,30,4.7556,0.53,86.86,26.72,2180.29,54131.44
2025,7,31,5.6681,0.34,85.78,27.06,2211.18,54898.19
2025,8,1,5.183,0.06,84.65,27.15,2216.47,55029.53
2025,8,2,6.6571,0.02,83.98,27.25,2252.35,55920.38
2025,8,3,7.0577,0.0,81.84,26.85,2248.1,55814.9
2025,8,4,7.2084,0.0,78.4,27.23,2263.91,56207.33
2025,8,5,5.6842,1.62,74.92,28.06,2257.01,56036.16
2025,8,6,3.5906,12.64,86.08,26.33,2155.25,53509.55
2025,8,7,4.7945,6.41,83.8,26.81,2196.96,54545.3
2025,8,8,5.058,3.37,83.35,26.59,2195.69,54513.62
2025,8,9,4.4494,1.38,78.59,26.63,2183.61,54213.8
2025,8,10,6.3223,1.52,75.23,27.97,2268.38,56318.51
2025,8,11,5.9983,5.09,82.81,27.19,2235.8,55509.61
2025,8,12,5.5882,9.97,82.76,27.32,2230.93,55388.6
2025,8,13,5.3311,7.51,83.9,26.99,2214.58,54982.75
2025,8,14,3.7654,16.89,81.27,26.86,2175.9,54022.24
2025,8,15,4.8146,14.17,88.24,25.72,2162.43,53687.87
2025,8,16,3.5923,23.11,92.88,25.4,2125.8,52778.6
2025,8,17,4.6114,16.16,90.04,25.98,2166.35,53785.3
2025,8,18,6.1082,3.41,84.73,26.97,2231.09,55392.47
2025,8,19,5.921,4.05,84.95,26.98,2227.28,55297.97
2025,8,20,5.521,11.37,91.2,26.0,2186.78,54292.49
2025,8,21,3.3667,14.65,80.63,27.53,2188.3,54330.22
2025,8,22,1.6973,21.84,94.82,25.29,2081.53,51679.26
2025,8,23,3.7978,1.0,86.97,25.54,2134.68,52999.01
2025,8,24,3.9646,9.24,78.67,26.48,2168.19,53831.02
2025,8,25,2.8757,36.01,82.69,26.19,2135.21,53012.17
2025,8,26,1.6812,18.14,91.85,24.88,2068.44,51354.26
2025,8,27,5.2649,7.34,87.51,26.49,2197.0,54546.32
2025,8,28,4.567,7.99,89.15,26.67,2187.47,54309.7
2025,8,29,3.9437,14.29,92.32,25.87,2148.33,53337.9
2025,8,30,4.7599,12.56,83.87,27.12,2206.14,54773.24
2025,8,31,3.1001,23.0,88.91,26.6,2153.04,53454.75
2025,9,1,2.2831,16.6,90.49,25.93,1933.28,47998.79
2025,9,2,4.6255,6.74,89.12,25.74,1974.27,49016.36
2025,9,3,4.5821,5.16,88.89,26.41,1993.02,49482.0
2025,9,4,4.5931,7.94,91.22,26.11,1984.46,49269.38
2025,9,5,2.8486,10.51,90.83,25.49,1931.87,47963.56
2025,9,6,2.9786,9.91,88.4,25.52,1935.3,48048.74
2025,9,7,4.9255,13.15,86.97,25.92,1985.5,49295.24
2025,9,8,3.4219,19.39,90.61,25.13,1932.77,47985.96
2025,9,9,4.0116,11.7,87.21,25.82,1964.43,48772.13
2025,9,10,1.6361,31.52,86.85,25.81,1917.02,47594.93
2025,9,11,4.3114,9.68,89.11,25.83,1970.67,48927.06
2025,9,12,4.6418,8.14,86.87,26.65,2001.25,49686.21
2025,9,13,5.2999,12.24,87.97,26.38,2006.51,49816.71
2025,9,14,0.8926,31.06,92.87,25.67,1898.32,47130.75
2025,9,15,4.1611,16.8,93.1,25.83,1967.69,48853.01
2025,9,16,3.3898,19.97,86.91,26.57,1973.79,49004.45
2025,9,17,3.4747,10.11,89.43,25.93,1956.97,48586.72
2025,9,18,4.4362,10.85,86.22,26.74,1999.75,49649.01
2025,9,19,4.7587,9.46,86.75,26.64,2003.3,49737.22
2025,9,20,4.3416,6.27,90.49,26.09,1978.87,49130.46
2025,9,21,4.7976,11.74,90.82,25.44,1968.88,48882.5
2025,9,22,2.0618,45.69,93.04,25.48,1916.05,47570.8
2025,9,23,3.336,18.5,92.28,25.75,1949.01,48389.09
2025,9,24,3.7462,15.82,89.9,25.74,1956.84,48583.73
2025,9,25,4.8293,12.43,84.33,26.5,2000.61,49670.41
2025,9,26,2.2634,38.37,93.44,25.51,1920.88,47690.9
2025,9,27,4.3656,2.2,88.14,26.26,1984.31,49265.63
2025,9,28,4.477,2.0,84.34,27.06,2009.93,49901.73
2025,9,29,2.4931,21.8,91.26,26.1,1942.33,48223.38
2025,9,30,2.7641,14.86,92.26,25.79,1938.82,48136.21
2025,10,1,5.7187,3.24,89.62,25.98,1956.09,48565.09
2025,10,2,4.6361,7.05,83.94,27.18,1969.39,48895.32
2025,10,3,1.1405,30.71,94.85,25.39,1850.89,45953.23
2025,10,4,4.6394,11.34,86.22,26.32,1944.86,48286.15
2025,10,5,5.4972,2.45,83.06,26.6,1969.68,48902.42
2025,10,6,4.8509,3.54,84.58,26.5,1954.15,48516.75
2025,10,7,4.5931,12.11,87.27,26.41,1946.53,48327.6
2025,10,8,3.0926,12.78,90.04,26.09,1908.19,47375.74
2025,10,9,4.6416,27.71,85.3,26.69,1955.49,48550.0
2025,10,10,3.6295,21.11,82.27,27.05,1945.82,48309.95
2025,10,11,4.5797,4.76,84.27,26.81,1957.7,48605.02
2025,10,12,5.0794,7.85,87.71,26.42,1956.32,48570.71
2025,10,13,3.1846,13.25,92.26,25.58,1895.6,47063.24
2025,10,14,1.0397,29.18,92.41,25.84,1861.36,46213.11
2025,10,15,1.6082,15.82,90.94,25.89,1873.77,46521.09
2025,10,16,3.8297,7.43,91.69,26.16,1924.51,47781.04
2025,10,17,2.8675,9.23,90.94,26.32,1910.27,47427.47
2025,10,18,2.3378,16.72,91.58,26.23,1897.42,47108.33
2025,10,19,1.9298,66.79,95.62,25.79,1877.22,46606.86
2025,10,20,5.3026,4.88,89.76,26.67,1967.88,48857.77
2025,10,21,4.6094,9.18,90.47,26.55,1950.85,48434.91
2025,10,22,5.2586,4.03,89.11,26.49,1961.84,48707.71
2025,10,23,4.7688,6.53,87.95,26.75,1959.7,48654.65
2025,10,24,4.561,11.37,90.65,26.19,1939.61,48155.9
2025,10,25,4.1722,1.97,87.33,26.58,1943.14,48243.53
2025,10,26,2.8399,12.93,91.99,26.19,1906.08,47323.43
2025,10,27,3.0454,17.08,93.63,26.03,1905.58,47311.01
2025,10,28,4.7321,12.5,90.66,26.38,1948.39,48373.72
2025,10,29,2.7917,15.49,91.13,26.22,1905.99,47321.03
2025,10,30,3.4812,25.84,93.52,26.18,1918.29,47626.6
2025,10,31,4.584,6.18,91.2,26.75,1956.07,48564.53
2025,11,1,4.3582,7.56,92.07,26.45,1857.0,46104.83
2025,11,2,4.5782,11.22,93.75,26.31,1857.29,46111.94
2025,11,3,1.5394,49.29,94.13,25.86,1788.69,44408.81
2025,11,4,0.9698,55.6,92.88,25.96,1780.77,44212.17
2025,11,5,3.8477,6.8,91.68,26.1,1837.97,45632.26
2025,11,6,4.9442,6.63,88.67,26.64,1873.16,46506.1
2025,11,7,5.0542,7.92,87.1,26.87,1881.54,46714.06
2025,11,8,4.5442,3.66,85.89,26.16,1852.56,45994.48
2025,11,9,0.523,104.32,92.59,24.6,1736.83,43121.35
2025,11,10,2.5865,24.81,90.63,26.55,1826.56,45349.19
2025,11,11,4.704,6.59,90.11,26.24,1857.72,46122.65
2025,11,12,5.065,0.53,86.54,26.87,1881.74,46719.1
2025,11,13,5.0167,0.08,81.67,27.36,1894.28,47030.4
2025,11,14,3.6034,9.07,90.45,25.7,1822.6,45250.8
2025,11,15,2.7221,28.08,91.58,25.82,1809.53,44926.24
2025,11,16,4.4261,9.23,89.53,25.84,1841.63,45723.17
2025,11,17,4.133,8.56,91.17,26.18,1845.45,45817.99
2025,11,18,3.6139,21.02,93.79,25.57,1819.28,45168.28
2025,11,19,3.8887,10.27,90.23,25.55,1823.81,45280.68
2025,11,20,3.1714,11.68,92.7,25.74,1815.69,45079.29
2025,11,21,3.2311,15.19,93.24,25.45,1808.98,44912.65
2025,11,22,3.3238,9.56,90.15,25.43,1810.15,44941.64
2025,11,23,2.1919,23.64,91.43,25.73,1797.31,44622.9
2025,11,24,2.7806,30.42,91.99,25.68,1806.86,44859.88
2025,11,25,1.7856,37.87,92.89,25.06,1772.01,43994.61
2025,11,26,3.089,8.61,95.27,26.11,1824.13,45288.69
2025,11,27,3.8146,6.05,92.03,26.1,1837.35,45616.98
2025,11,28,2.4593,9.14,92.97,25.99,1809.21,44918.28
2025,11,29,4.4659,13.29,92.24,25.67,1837.73,45626.28
2025,11,30,4.429,9.03,86.29,26.31,1854.5,46042.85
2025,12,1,4.3942,10.17,85.63,26.38,1866.83,46348.93
2025,12,2,4.7993,5.65,85.73,26.41,1875.27,46558.35
2025,12,3,4.1789,12.26,88.99,25.95,1851.02,45956.28
2025,12,4,3.3854,7.66,86.07,24.19,1788.41,44401.97
2025,12,5,3.0972,1.62,85.98,23.27,1758.26,43653.43
2025,12,6,3.043,2.95,87.05,23.28,1757.56,43636.03
2025,12,7,1.0236,24.1,92.06,23.76,1734.08,43053.12
2025,12,8,2.7319,12.73,93.15,25.13,1801.89,44736.6
2025,12,9,2.7247,22.1,93.57,25.17,1802.84,44760.09
2025,12,10,3.163,8.1,92.53,25.29,1814.17,45041.56
2025,12,11,2.963,19.15,94.41,25.46,1815.07,45063.92
2025,12,12,2.8121,11.55,90.93,24.93,1797.97,44639.25
2025,12,13,2.5015,7.11,90.06,24.65,1784.72,44310.41
2025,12,14,3.8839,8.26,88.41,24.36,1802.11,44742.14
2025,12,15,1.8329,25.57,92.2,24.98,1781.31,44225.54
2025,12,16,3.2124,17.4,91.25,25.22,1813.19,45017.12
2025,12,17,2.9326,13.48,93.3,24.64,1792.35,44499.62
2025,12,18,2.4504,27.2,91.07,24.59,1782.18,44247.12
2025,12,19,2.4782,11.37,93.43,24.48,1779.72,44186.26
2025,12,20,2.0374,20.43,92.22,24.75,1778.91,44166.0
2025,12,21,3.2765,23.25,94.02,24.35,1790.77,44460.58
2025,12,22,2.196,16.82,92.12,24.16,1765.99,43845.2
2025,12,23,3.0334,9.9,91.3,24.21,1782.56,44256.54
2025,12,24,2.8927,5.11,90.08,24.64,1791.62,44481.49
2025,12,25,3.7963,2.19,88.82,25.14,1821.79,45230.59
2025,12,26,3.7896,5.22,89.93,24.5,1804.21,44794.25
2025,12,27,4.4242,1.71,88.83,24.68,1820.74,45204.64
2025,12,28,4.4381,0.77,86.31,25.36,1839.66,45674.34
2025,12,29,4.9162,0.1,86.51,25.35,1848.23,45887.09
2025,12,30,4.206,0.11,86.69,25.24,1832.08,45486.15
2025,12,31,3.4075,0.39,87.99,24.86,1807.01,44863.77
2026,1,1,3.1099,15.57,89.69,24.64,1924.44,47779.15
2026,1,2,1.7993,19.17,93.34,23.31,1860.65,46195.33
2026,1,3,2.9678,11.62,88.46,22.59,1862.24,46234.91
2026,1,4,2.8846,4.98,87.62,22.24,1850.52,45944.02
2026,1,5,2.7598,20.93,90.68,23.33,1879.69,46668.07
2026,1,6,2.177,18.6,92.22,23.81,1882.28,46732.44
2026,1,7,3.132,7.22,89.83,23.52,1892.36,46982.69
2026,1,8,2.6976,9.15,90.56,23.64,1887.45,46860.82
2026,1,9,2.4173,21.2,91.13,23.71,1884.05,46776.45
2026,1,10,2.2253,14.94,91.93,23.89,1885.52,46812.8
2026,1,11,3.2803,3.55,92.28,24.28,1917.31,47602.28
2026,1,12,2.0858,11.51,91.69,23.88,1882.52,46738.5
2026,1,13,3.4745,7.64,90.89,24.62,1931.01,47942.25
2026,1,14,3.2616,9.44,89.93,24.43,1921.31,47701.48
2026,1,15,3.8705,1.43,88.1,23.52,1906.6,47336.26
2026,1,16,3.973,0.66,88.47,23.6,1910.92,47443.49
2026,1,17,2.2219,2.42,88.2,23.39,1871.07,46454.13
2026,1,18,3.8026,0.13,87.36,24.24,1926.33,47826.23
2026,1,19,4.9428,0.65,83.46,25.04,1972.22,48965.39
2026,1,20,4.5977,2.58,85.89,23.92,1932.41,47977.02
2026,1,21,4.2437,4.05,86.12,22.5,1883.85,46771.45
2026,1,22,3.6653,1.35,81.74,21.38,1840.18,45687.25
2026,1,23,4.7333,0.84,82.15,21.0,1848.89,45903.44
2026,1,24,3.3137,1.27,83.52,21.26,1830.13,45437.79
2026,1,25,4.2566,0.95,83.84,21.65,1859.14,46157.88
2026,1,26,2.8279,12.28,90.35,23.18,1876.65,46592.8
2026,1,27,2.5558,7.52,89.01,23.47,1879.8,46670.99
2026,1,28,4.6306,0.45,84.05,23.05,1907.4,47356.25
2026,1,29,4.6954,2.54,84.36,22.26,1885.35,46808.6
2026,1,30,3.2112,4.55,85.95,22.04,1850.89,45953.05
2026,1,31,3.611,1.18,85.85,22.62,1875.34,46560.19
2026,2,1,4.7146,0.02,83.63,22.76,1911.79,47465.21
2026,2,2,5.2058,0.01,80.79,23.18,1933.74,48009.98
2026,2,3,5.6633,0.24,81.07,22.91,1934.48,48028.36
2026,2,4,4.7306,0.65,83.01,22.66,1909.13,47399.14
2026,2,5,4.7906,0.06,81.87,22.5,1905.53,47309.69
2026,2,6,2.7386,2.01,86.39,22.66,1871.0,46452.4
2026,2,7,2.2877,9.91,91.96,23.84,1896.53,47086.28
2026,2,8,1.7748,28.32,92.53,23.56,1878.47,46637.84
2026,2,9,3.5731,4.91,86.47,21.79,1861.45,46215.39
2026,2,10,3.6792,2.91,87.03,22.8,1893.12,47001.51
2026,2,11,3.5758,4.36,87.69,24.15,1930.73,47935.49
2026,2,12,3.6787,6.48,87.29,24.34,1938.33,48124.05
2026,2,13,3.2042,10.42,88.51,24.4,1930.76,47936.18
2026,2,14,2.8296,27.98,90.55,24.98,1940.28,48172.55
2026,2,15,3.5532,13.45,90.68,25.13,1959.03,48638.09
2026,2,16,5.251,2.92,87.95,25.36,1999.64,49646.35
2026,2,17,4.8984,2.98,87.16,25.06,1983.69,49250.31
2026,2,18,4.7302,1.75,83.21,23.96,1947.71,48356.85
2026,2,19,5.3347,0.82,80.68,23.5,1945.78,48308.95
2026,2,20,4.2888,0.71,82.71,23.65,1929.93,47915.41
2026,2,21,4.6637,1.17,84.22,23.61,1936.03,48066.88
2026,2,22,5.8097,0.77,83.13,23.67,1960.09,48664.28
2026,2,23,4.9985,3.39,85.31,24.39,1965.74,48804.64
2026,2,24,3.827,5.0,87.18,25.03,1961.54,48700.2
2026,2,25,4.7854,0.66,84.41,25.01,1979.96,49157.73
2026,2,26,5.76,0.23,82.58,24.23,1975.91,49057.18
2026,2,27,6.0876,0.03,80.71,24.17,1980.53,49171.87
2026,2,28,6.5419,0.04,80.77,24.19,1990.04,49407.85
2026,3,1,4.327,1.46,84.56,25.0,2339.06,58073.27
2026,3,2,4.5794,0.82,83.49,25.7,2369.63,58832.16
2026,3,3,6.0646,0.07,81.56,24.86,2374.98,58965.1
2026,3,4,6.253,0.0,82.04,24.62,2370.83,58861.91
2026,3,5,5.905,0.21,81.08,25.35,2388.7,59305.61
2026,3,6,5.8255,0.27,80.51,25.75,2401.06,59612.58
2026,3,7,5.6018,1.21,79.78,25.38,2382.59,59153.87
2026,3,8,4.5454,8.21,84.69,24.75,2335.41,57982.71
2026,3,9,4.6807,0.98,78.8,24.28,2322.04,57650.64
2026,3,10,5.5774,0.02,74.89,23.57,2317.7,57542.99
2026,3,11,5.3357,0.29,76.37,23.4,2306.11,57255.11
2026,3,12,5.5046,2.58,79.52,23.59,2316.74,57518.96
2026,3,13,3.2057,3.87,76.95,22.25,2217.26,55049.2
2026,3,14,5.0784,0.28,69.13,21.25,2224.19,55221.26
2026,3,15,4.4326,0.01,70.56,21.72,2226.34,55274.77
2026,3,16,4.7906,0.46,74.57,22.22,2251.99,55911.37
2026,3,17,4.2446,2.31,82.05,23.32,2278.23,56562.86
2026,3,18,4.4801,2.06,82.04,23.8,2300.5,57115.85
2026,3,19,5.9105,0.32,78.36,24.35,2353.18,58423.85
2026,3,20,6.3936,0.18,78.83,24.18,2358.36,58552.38
2026,3,21,6.9209,0.27,78.65,24.06,2366.3,58749.62
2026,3,22,6.2597,0.37,79.02,24.05,2350.6,58359.61
2026,3,23,6.4238,0.05,75.16,23.93,2350.11,58347.45
2026,3,24,6.6715,0.02,75.52,24.36,2371.29,58873.36
2026,3,25,5.0316,2.1,81.69,25.67,2379.33,59073.01
2026,3,26,5.4362,1.21,78.82,25.36,2377.96,59038.88
2026,3,27,6.3811,0.01,74.75,25.9,2419.66,60074.44
2026,3,28,6.4675,0.0,72.37,26.25,2434.27,60437.09
2026,3,29,5.7574,0.0,74.71,26.18,2414.74,59952.28
2026,3,30,6.3806,0.02,75.44,26.23,2431.47,60367.55
2026,3,31,6.5909,0.05,74.2,26.0,2428.26,60287.85
2026,4,1,7.0901,0.11,75.55,25.41,2433.17,60409.82
2026,4,2,7.1918,0.01,75.32,24.9,2417.08,60010.23
2026,4,3,7.127,0.17,73.02,25.31,2430.42,60341.56
2026,4,4,6.6703,0.02,65.69,27.06,2482.77,61641.3
2026,4,5,7.1412,0.06,67.5,27.46,2508.79,62287.23
2026,4,6,7.3152,0.44,74.93,26.63,2482.89,61644.18
2026,4,7,7.1592,0.32,70.97,27.46,2509.23,62298.2
2026,4,8,7.2398,0.04,70.85,26.59,2479.61,61562.67
2026,4,9,6.1478,0.94,75.62,26.53,2450.97,60851.6
2026,4,10,6.8957,0.1,67.14,28.19,2529.19,62793.71
2026,4,11,7.1026,0.63,68.97,27.99,2527.07,62741.07
2026,4,12,7.2278,0.01,64.89,27.32,2505.83,62213.78
2026,4,13,7.1021,0.02,69.11,27.33,2503.11,62146.29
2026,4,14,6.8405,0.09,67.62,27.15,2490.19,61825.35
2026,4,15,7.2151,0.0,65.18,26.65,2481.19,61601.9
2026,4,16,7.3366,0.0,65.26,27.55,2516.86,62487.63
2026,4,17,7.1386,0.15,61.22,28.33,2540.3,63069.54
2026,4,18,6.7949,0.29,66.02,28.32,2531.39,62848.33
2026,4,19,6.8076,0.78,68.43,27.95,2518.32,62523.87
2026,4,20,6.7046,0.13,67.34,27.67,2505.66,62209.39
2026,4,21,7.0054,0.38,70.55,27.48,2506.18,62222.41
2026,4,22,7.3858,0.13,65.89,27.87,2529.71,62806.71
2026,4,23,7.2732,0.04,65.83,28.14,2536.74,62981.23
2026,4,24,7.0805,0.0,65.59,28.28,2537.04,62988.64
2026,4,25,6.557,0.75,70.99,28.01,2514.29,62423.72
2026,4,26,7.0754,1.37,70.93,28.78,2555.05,63435.73
2026,4,28,6.3089,4.28,72.39,28.12,2512.11,62369.53
2026,4,29,6.7298,0.12,66.5,28.37,2531.58,62853.01
2026,4,30,6.7061,0.34,69.16,28.45,2533.88,62910.14
2026,5,1,7.2934,0.45,70.62,28.39,2486.65,61737.57
2026,5,2,7.3906,1.0,70.8,28.54,2494.34,61928.55
2026,5,3,7.5223,0.19,68.05,28.69,2502.89,62140.69
2026,5,4,6.8033,0.42,69.58,28.31,2471.91,61371.62
2026,5,5,5.6916,1.8,71.74,28.22,2441.77,60623.36
2026,5,6,7.2374,0.13,67.58,28.88,2502.67,62135.35
2026,5,7,7.4438,0.77,71.69,28.87,2507.37,62251.97
2026,5,8,7.3922,1.39,70.23,29.04,2512.15,62370.57
2026,5,9,7.3757,0.89,69.17,28.91,2507.12,62245.86
2026,5,10,7.385,0.49,68.91,28.86,2505.58,62207.41
2026,5,11,6.7243,0.74,67.13,29.5,2512.0,62366.85
2026,5,12,7.4652,0.42,60.76,30.77,2575.45,63942.16
